店名,業種,エリア,メールアドレス,電話番号,Google評価,レビュー数,HP有無,Instagram,備考,ステータス,送信日,返信日
イザカヤ マルコのガレージ,居酒屋,三軒茶屋,,03-6450-9420,,口コミ329件,あり,https://www.instagram.com/izakaya_marko_no_garage/,HP確認済み: あり(Wix)。営業対象外,HP有り除外,,
ニューマルコ,居酒屋,三軒茶屋,,03-6805-5678,,口コミ494件,あり,https://www.instagram.com/new__marco__/,HP確認済み: あり(marco.tokyo)。営業対象外,HP有り除外,,
三茶 ユキツバキ,居酒屋,三軒茶屋,,03-6450-9844,,口コミ205件,なし,https://www.instagram.com/sancha_yukitsubaki/,食べログ3.59。HP無し確定（Web検索確認済み）,未送信,,
三茶 貝介,居酒屋,三軒茶屋,,03-6453-4361,,口コミ373件,あり,https://www.instagram.com/sancha.kaisuke/,HP確認済み: あり(kemurigroup.com)。営業対象外,HP有り除外,,
三茶一九,居酒屋,三軒茶屋,,03-6805-2333,,口コミ407件,なし,https://www.instagram.com/1919_sanchaikkyu/,食べログ3.45。HP無し確定（Web検索確認済み）,未送信,,
和食 ごしき,居酒屋,三軒茶屋,,03-3795-5300,,口コミ566件,あり,https://www.instagram.com/washokugoshiki/,HP確認済み: あり(washoku-goshiki.com)。営業対象外,HP有り除外,,
大衆酒場 スシスミビ,居酒屋,三軒茶屋,,03-6805-2255,,口コミ351件,あり,https://www.instagram.com/sushisumibi/,HP確認済み: あり(Wix)。営業対象外,HP有り除外,,
寿司とワイン サンチャモニカ,居酒屋,三軒茶屋,,03-6805-2998,,口コミ476件,あり,https://www.instagram.com/sanchamonica55/,HP確認済み: あり(sancha-monica.com)。営業対象外,HP有り除外,,
豚とバラの日々,居酒屋,三軒茶屋,,03-6805-3157,,口コミ315件,あり,https://www.instagram.com/butatobara/,HP確認済み: あり(bravopeoples.com)。営業対象外,HP有り除外,,
食堂かど。,居酒屋,三軒茶屋,,,,口コミ870件,なし,https://www.instagram.com/syokudou.kado/,食べログ3.56。口コミ数多い人気店,未送信,,
KISSA RAY,カフェ,下北沢,kissaray2022@gmail.com,,,口コミ117件,あり,https://www.instagram.com/kissa_ray/,HP確認済み: あり(kissaray.com)。営業対象外,HP有り除外,,
カフェ ヴィエット アルコ,カフェ,下北沢,,03-3468-2200,,口コミ164件,なし,https://www.instagram.com/cafevietarco/,食べログ3.43。HP無し確定（Web検索確認済み）,未送信,,
トロワ・シャンブル,カフェ,下北沢,,03-3419-6943,,口コミ775件,なし,,食べログ3.69高評価。HP無し確定（Web検索確認済み）,未送信,,
ベアポンド エスプレッソ,カフェ,下北沢,bearpondespresso@gmail.com,03-5454-2486,,口コミ266件,あり,https://www.instagram.com/bearpondespresso/,HP確認済み: あり(bearpondespresso.com)。営業対象外,HP有り除外,,
マサコ,カフェ,下北沢,,,,口コミ127件,なし,https://www.instagram.com/jazzkissamasako/,食べログ3.45。HP無し確定（Web検索確認済み）,未送信,,
ラ・パレット,カフェ,下北沢,,03-3465-0740,,口コミ229件,なし,,食べログ3.53。HP無し確定（Web検索確認済み）,未送信,,
喫茶 一房,カフェ,下北沢,,03-6804-0249,,口コミ133件,なし,https://www.instagram.com/kissa_hitofusa/,食べログ3.56。HP無し確定（Web検索確認済み）,未送信,,
喫茶ネグラ,カフェ,下北沢,cafenegura@gmail.com,03-6361-9874,,口コミ176件,なし,https://www.instagram.com/negura.ma/,食べログ3.47。HP無し確定（Web検索確認済み）,未送信,,
D-DRAGON,居酒屋,下北沢,,050-1726-3316,,口コミ202件,なし,https://www.instagram.com/shimokita.d.dragon/,食べログ3.60。HP無し確定（Web検索確認済み）,未送信,,
下北SABA食堂 佐助酒場,居酒屋,下北沢,,050-5448-3370,,口コミ235件,あり,https://www.instagram.com/sasuke_shimokita/,HP確認済み: あり(saba-sasuke.com)。営業対象外,HP有り除外,,
下北六角,居酒屋,下北沢,,03-6450-9177,,口コミ662件,あり,https://www.instagram.com/shimokita.rokkaku/,HP確認済み: あり(marco.tokyo)。営業対象外,HP有り除外,,
下北酒場 こいどろぼう,居酒屋,下北沢,,03-6805-5180,,口コミ155件,なし,https://www.instagram.com/koidoro_shimokita/,食べログ3.34。HP無し確定（Web検索確認済み）,未送信,,
串焼きと煮野菜 零や,居酒屋,下北沢,,03-5738-8017,,口コミ347件,あり,https://www.instagram.com/zeroya_shimokita/,HP確認済み: あり(shimokita-zeroya.com)。営業対象外,HP有り除外,,
焼野菜 銀河団,居酒屋,下北沢,,03-5790-9363,,口コミ256件,あり,https://www.instagram.com/gingadan_shimokita/,HP確認済み: あり(yakiyasai-gingadan.com)。営業対象外,HP有り除外,,
都夏 本店,居酒屋,下北沢,,03-3410-8237,,口コミ394件,あり,https://www.instagram.com/tsuge_shimokitazawa/,HP確認済み: あり(jack-pot.co.jp)。営業対象外,HP有り除外,,
鶏と魚と炭火焼き 燈,居酒屋,下北沢,,03-6804-0780,,口コミ500件,なし,https://www.instagram.com/akari_shimokitazawa/,食べログ3.58。HP無し確定（Web検索確認済み）,未送信,,
CHIYA-BA,カフェ,中目黒,info@chiyaba.com,03-6388-5249,,口コミ261件,あり,https://www.instagram.com/chiya_ba/,HP確認済み: あり(chiyaba.com)。営業対象外,HP有り除外,,
HAUTE COUTURE・CAFE,カフェ,中目黒,,03-6416-9926,,口コミ642件,あり,https://www.instagram.com/hautecouturecafe_official/,HP確認済み: あり(hautecouturecafe.com)。営業対象外,HP有り除外,,
neel 中目黒,カフェ,中目黒,,03-5708-5323,,口コミ422件,あり,https://www.instagram.com/neel__nakameguro/,HP確認済み: あり(neel.coffee)。営業対象外,HP有り除外,,
カフェ ファソン 中目黒本店,カフェ,中目黒,,03-3716-8338,,口コミ1331件,あり,https://www.instagram.com/cafefacon_nakameguro/,HP確認済み: あり(cafefacon.com)。営業対象外,HP有り除外,,
カフェ モクシャチャイ,カフェ,中目黒,info@mokshajapan.co.jp,03-6761-2482,,口コミ285件,あり,https://www.instagram.com/moksha_chai/,HP確認済み: あり(mokshajapan.jp)。営業対象外,HP有り除外,,
アート喫茶 フライ,喫茶店,中目黒,,03-6303-3065,,口コミ149件,なし,https://www.instagram.com/art.kissa_fly_/,食べログ3.46。HP無し確定（Web検索確認済み）,未送信,,
シスター美容室,美容室,五反田,,,,,なし,,エキテン掲載・HP未登録,未送信,,
ヴィヴィ,美容室,五反田,,,,,なし,,エキテン掲載・HP未登録,未送信,,
美容室・MIWA,美容室,五反田,,,,,なし,,エキテン掲載・HP未登録,未送信,,
レカー,パン・ベーカリー,代官山,,,3.86,500,なし,https://www.instagram.com/laekker_daikanyama,食べログHP欄空白。電話番号未記載。Instagram DM予約のみ,未送信,,
WAJO×朗,レストラン（イタリアン）,代官山,,03-6416-5237,3.88,197,なし,https://www.instagram.com/wajo__daikanyama,食べログHP欄空白。Instagram運営中。OMAKASE予約,未送信,,
バー六本木,バー,六本木,,03-3403-3085,3.04,食べログ評価,なし,なし,HP・Instagram共になし。電話のみ掲載。六本木7丁目,未送信,,
BARATIE,バー/居酒屋,六本木,,03-6447-1233,3.31,99,なし,https://www.instagram.com/baratie388/,HPなし・Instagram運用中。六本木3丁目WOOビル,未送信,,
江戸前鮓 すし通,寿司,六本木,,03-3404-2622,3.73,食べログ評価,なし,https://www.instagram.com/edomaesushi_sushitsu,食べログ3.73高評価。HP欄なし・Instagram運用中。西麻布エリア,未送信,,
おでん屋 ずぶ六,居酒屋,六本木,,03-6812-9240,3.43,食べログ評価,なし,https://www.instagram.com/zuburoku_official/,HPなし・Instagram運用中。六本木4丁目,未送信,,
弥勒食堂,居酒屋,六本木,,03-6721-1546,3.55,205,なし,https://www.instagram.com/369_syokudo,食べログ3.55。HPなし・Instagram運用中。六本木4丁目,未送信,,
朝日食堂,居酒屋,六本木,,03-3402-6797,3.46,食べログ評価,なし,なし,HP・Instagram共になし。食べログ＋電話のみ。六本木7丁目,未送信,,
酒呑,居酒屋,六本木,,03-3475-6055,3.45,322,なし,https://www.instagram.com/sasano3475,HPなし・Instagram運用中。赤坂エリア,未送信,,
銘柄焼鳥 もつ鍋 個室居酒屋 千鳥 六本木店,居酒屋,六本木,,080-3758-6969,3.30,食べログ評価,なし,なし,HP・Instagram共になし。食べログ＋電話のみ。六本木7丁目,未送信,,
アンセーニュダングル 原宿店,カフェ,原宿,,03-3405-4482,3.72,707,なし,,食べログHP欄空白。SNS未確認,未送信,,
レインボーパンケーキ,カフェ,原宿,,03-6434-0466,3.60,663,なし,https://www.instagram.com/rainbowpancake/,食べログHP欄空白。Instagram運営中,未送信,,
DLAW tokyo,ネイルサロン,原宿,,,,,なし,https://www.instagram.com/dlaw_nail/,エキテン掲載・HP未登録,未送信,,
Richer,ネイルサロン,原宿,,,,,なし,https://www.instagram.com/richer_nail.eyebeauty/,エキテン掲載・HP未登録,未送信,,
Shanty Carina,ネイルサロン,原宿,,,,,なし,https://www.instagram.com/nail.carina/,エキテン掲載・HP未登録,未送信,,
kynnail,ネイルサロン,原宿,,,,,なし,,エキテン掲載・HP未登録,未送信,,
nr.,ネイルサロン,原宿,,,,,なし,,エキテン掲載・HP未登録,未送信,,
オングル,ネイルサロン,原宿,,,,,なし,,エキテン掲載・HP未登録,未送信,,
ネイルサロンLaViVi,ネイルサロン,原宿,,,,,なし,,エキテン掲載・HP未登録,未送信,,
ネイルサロンMariju,ネイルサロン,原宿,,,,,なし,,エキテン掲載・HP未登録,未送信,,
ネイルサロンrumy,ネイルサロン,原宿,,,,,なし,,エキテン掲載・HP未登録,未送信,,
COYORI,バー,広尾,,,,口コミ14件,なし,https://www.instagram.com/coyori_hiroo/,食べログ3.15。HP無し確定（Web検索確認済み）,未送信,,
DBL,バー,広尾,,03-6277-0838,,口コミ21件,なし,https://www.instagram.com/dblhiroo/,食べログ3.20。HP無し確定（Web検索確認済み）,未送信,,
LAIDBACKS,バー,広尾,,,,口コミ19件,なし,https://www.instagram.com/laidbackscoffee/,食べログ3.17。HP無し確定（Web検索確認済み）,未送信,,
S TOKYO,ワインバー,広尾,,03-6427-7097,,口コミ57件,なし,https://www.instagram.com/stokyo_nishiazabu/,食べログ3.53。HP無し確定（Web検索確認済み）,未送信,,
ツバキ,ワインバー,広尾,,03-5485-1410,,口コミ168件,なし,,食べログ3.54。HP無し確定（Web検索確認済み）,未送信,,
呑み屋 ぺりどっと,ワインバー,広尾,,,,口コミ17件,なし,https://www.instagram.com/nomiya_peridot/,食べログ3.17。HP無し確定（Web検索確認済み）,未送信,,
きたぽん酒,日本酒バー,広尾,,03-6882-4800,,口コミ48件,なし,https://www.instagram.com/kitapon0401/,食べログ3.25。HP無し確定（Web検索確認済み）,未送信,,
甘美堂,日本酒バー,広尾,,03-6427-4389,,口コミ105件,あり,,HP確認済み: あり(kanmido.com)。営業対象外,HP有り除外,,
居酒屋 黒電話,居酒屋,恵比寿,,03-6721-6682,3.37,234,なし,なし,HP欄なし。食べログのみ掲載。隠れ家系居酒屋,未送信,,
恵比寿 あさひ堂,居酒屋,恵比寿,,03-5794-8294,3.31,412,なし,なし,ランキング1位店舗。Instagram・HP共になし,未送信,,
恵比寿 つむぎや,居酒屋,恵比寿,,050-5595-9071,3.37,147,なし,https://www.instagram.com/tumugiya_ebisu/,HPなし。InstagramのみHP欄に登録,未送信,,
粋 恵比寿店,居酒屋,恵比寿,,050-5600-3814,3.41,377,なし,なし,HP・Instagram共になし。恵比寿西口徒歩圏,未送信,,
酒場 ひまり堂 恵比寿店,居酒屋,恵比寿,,03-5422-3907,3.45,626,なし,https://www.instagram.com/himarido_ebisu/,HPなし。Instagramのみ,未送信,,
284（ニハチヨン）,居酒屋・バー,恵比寿,,03-6427-8124,3.50,221,なし,https://www.instagram.com/ebisu.284,HPなし。InstagramのみHP欄に登録,未送信,,
amme,居酒屋・バー,恵比寿,,03-6452-5474,3.44,350,なし,https://www.instagram.com/amme132_,HPなし。Instagramのみ,未送信,,
おだし 恵比寿店,居酒屋・和食,恵比寿,,03-5784-3340,3.34,378,なし,なし,HP・Instagram共になし。恵比寿駅西口徒歩1分,未送信,,
炭焼と炉端テント 恵比寿,居酒屋・炉端焼き,恵比寿,,03-3527-3023,3.26,104,なし,https://www.instagram.com/tento.ebisu,HP欄なし。Instagramあり,未送信,,
善菜（ZENNA）,居酒屋・鶏料理,恵比寿,,03-3441-7331,3.08,22,なし,https://www.instagram.com/zenna_ebisu,HPなし。Instagramのみ(FAX番号),未送信,,
手羽先むつみ 恵比寿店,居酒屋・鶏料理,恵比寿,,03-6427-0922,3.48,216,なし,https://www.instagram.com/tebasakimutsumi.ebisu,HPなし。Instagramのみ,未送信,,
えっちゃんラーメン。,ラーメン,新宿,,03-6273-8706,3.65,食べログ評価,なし,なし,HP・Instagram共になし。電話のみ。歌舞伎町,未送信,,
らぁめん 満来,ラーメン,新宿,,03-3340-2727,3.74,食べログ評価,なし,なし,HP・Instagram共になし（Xのみ）。食べログ高評価3.74。西新宿,未送信,,
シンちゃんラーメン,ラーメン,新宿,,03-6274-8535,3.66,食べログ評価,なし,なし,HP・Instagram共になし。電話のみ。新宿4丁目,未送信,,
中華そば 流川,ラーメン,新宿,,03-5389-4033,3.70,食べログ評価,なし,https://www.instagram.com/noodle_rukawa/,HPなし・Instagram運用中。西新宿7丁目,未送信,,
煮干中華そば 鈴蘭,ラーメン,新宿,,03-3358-2958,3.71,食べログ評価,なし,https://www.instagram.com/suzuranshinjuku/,HPなし（Xのみ）・Instagram運用中。新宿3丁目,未送信,,
百日紅,ラーメン,新宿,,03-6457-8564,3.69,食べログ評価,なし,https://www.instagram.com/menya_sarusuberi,HPなし・Instagram運用中。新宿3丁目京王フレンテB2F,未送信,,
酒場つむぎ堂 新宿店,居酒屋,新宿,,03-5937-3937,3.48,食べログ評価,なし,https://www.instagram.com/sakaba_tsumugido/,HPなし・Instagram運用中。西新宿,未送信,,
魚吉酒場 新宿店,居酒屋,新宿,,03-6635-3118,3.53,食べログ評価,なし,なし,HP・Instagram共になし。電話のみ掲載。歌舞伎町,未送信,,
鮮魚と炉端と純米酒 かきび,居酒屋,新宿,,03-5315-0341,3.43,食べログ評価,なし,https://www.instagram.com/kakibi3chome/,HPなし・Instagram運用中。新宿3丁目,未送信,,
らぁ麺や 嶋,ラーメン,新宿周辺,,電話番号未掲載,4.05,食べログ評価,なし,https://www.instagram.com/ramenya_shima,食べログ4.05の超高評価。HPなし・Instagram運用中。本町エリア,未送信,,
PilatesGreen池袋店,ピラティス,池袋,,,,,なし,,エキテン掲載・HP未登録,未送信,,
ふんわりコスモマッサージ,マッサージ,池袋,,,,,なし,,エキテン掲載・HP未登録,未送信,,
ほぐしの達人 池袋東口店,マッサージ,池袋,,,,,なし,,エキテン掲載・HP未登録。口コミ63件,未送信,,
カッピング&カッサ専門店 凜,マッサージ,池袋,,,,,なし,,エキテン掲載・HP未登録。専門店,未送信,,
阿里山リラクゼーション,マッサージ,池袋,,,,,なし,,エキテン掲載・HP未登録,未送信,,
快眠ドライヘッドスパRelala,リラクゼーション,池袋,,,,,なし,,エキテン掲載・HP未登録。口コミ309件,未送信,,
KBS整体 東池袋店,整体院,池袋,,,,,なし,,エキテン掲載・HP未登録,未送信,,
SFIDA Fitness&Relax,整体院,池袋,,,,,なし,,エキテン掲載・HP未登録,未送信,,
こころ整体院 池袋院,整体院,池袋,,,,,なし,,エキテン掲載・HP未登録。口コミ94件,未送信,,
ほぐしストレッチ整体 ビーラボ,整体院,池袋,,,,,なし,,エキテン掲載・HP未登録。マタニティ対応,未送信,,
カラダファクトリー ルミネ池袋店,整体院,池袋,,,,,なし,,エキテン掲載・HP未登録。チェーン店,未送信,,
整体処みなもと,整体院,池袋,,,,,なし,,エキテン掲載・HP未登録。口コミ5件,未送信,,
水野整体院,整体院,池袋,,,,,なし,,エキテン掲載・HP未登録,未送信,,
池袋美健センター,整体院,池袋,,,,,なし,,エキテン掲載・HP未登録,未送信,,
米川整体院,整体院,池袋,,,,,なし,,エキテン掲載・HP未登録。口コミ32件,未送信,,
美容整体VIENESS,整体院,池袋,,,,,なし,,エキテン掲載・HP未登録,未送信,,
自律神経気功整体院,整体院,池袋,,,,,なし,,エキテン掲載・HP未登録,未送信,,
ジャストミート,居酒屋,浅草,,03-5830-6699,,口コミ90件,あり,https://www.instagram.com/justmeat_asakusa/,HP確認済み: あり(justmeat-asakusa.com)。営業対象外,HP有り除外,,
串焼バル1.2.3,居酒屋,浅草,,03-5830-6368,,口コミ154件,なし,https://www.instagram.com/kushiyakibaru1.2.3/,食べログ3.40。HP無し確定（Web検索確認済み）,未送信,,
呑みやしき209,居酒屋,浅草,,03-6802-8580,,口コミ79件,なし,https://www.instagram.com/nomiyashiki209/,食べログ3.30。HP無し確定（Web検索確認済み）,未送信,,
浅草 ASA虎,居酒屋,浅草,,03-5830-3926,,口コミ740件,なし,https://www.instagram.com/asatora_asakusa/,食べログ3.63。HP無し確定（Web検索確認済み）,未送信,,
浅草 もつ焼のんき,居酒屋,浅草,,03-5246-3330,,口コミ364件,なし,https://www.instagram.com/nonkiofficial/,食べログ3.46。HP無し確定（Web検索確認済み）,未送信,,
浅草 更科天狐,居酒屋,浅草,,050-5448-6718,,口コミ171件,あり,https://www.instagram.com/sarashina_tenko/,HP確認済み: あり(sarashina-tenko.com)。営業対象外,HP有り除外,,
浅草酒場 岡本,居酒屋,浅草,,,,口コミ237件,なし,https://www.instagram.com/asakusa_okamoto2/,食べログ3.34。ホッピー通り,未送信,,
花本,居酒屋,浅草,,03-5811-1726,,口コミ104件,なし,https://www.instagram.com/asakusa.hanamoto/,食べログ3.31。HP無し確定（Web検索確認済み）,未送信,,
雷門 き介,居酒屋,浅草,,03-5246-8221,,口コミ416件,あり,https://www.instagram.com/kaminarimonkisuke_asakusa/,HP確認済み: あり(punycode)。営業対象外,HP有り除外,,
soba MAREN 渋谷店,ラーメン,渋谷,,03-6809-0169,3.55,398,なし,https://www.instagram.com/soba_maren/,食べログHP欄空白。キャッシュレスのみ,未送信,,
うさぎ,ラーメン,渋谷,,03-3464-4111,3.68,1093,なし,https://www.instagram.com/ramen___usagi,食べログHP欄空白。Instagram運営中,未送信,,
はやし,ラーメン,渋谷,,03-3770-9029,3.78,3363,なし,,老舗ラーメン店。食べログHP欄空白。SNS未確認,未送信,,
まぜそば七,ラーメン,渋谷,,03-3780-1176,3.56,783,なし,https://www.instagram.com/mazesoba7,食べログHP欄空白。Instagram運営中,未送信,,
らーめん 穀雨,ラーメン,渋谷,,,3.70,970,なし,,食べログHP欄空白。電話番号未記載。X(Twitter)のみ,未送信,,
中華麺店 喜楽,ラーメン,渋谷,,03-3461-2032,3.76,4692,なし,,現金払いのみ。食べログHP欄空白。SNS未確認,未送信,,
唐そば,ラーメン,渋谷,,03-3486-0147,3.60,914,なし,,食べログHP欄空白。X(Twitter)のみ運営,未送信,,
背脂ラーメン チャッチャ亭,ラーメン,渋谷,,03-6277-5385,3.57,539,なし,https://www.instagram.com/chaccha_tei/,食べログHP欄空白。SNS未確認,未送信,,
麺屋ぬかじ,ラーメン,渋谷,,090-3801-8247,3.60,665,なし,https://www.instagram.com/menya_nukaji,食べログHP欄空白。Instagram・Facebook・X運営中,未送信,,
せかんど,居酒屋,渋谷,,03-6277-5450,3.50,141,なし,https://www.instagram.com/second_sai_1115/,食べログHP欄空白。SNS未確認,未送信,,
ぴりおど。,居酒屋,渋谷,,03-6416-9316,3.35,187,なし,https://www.instagram.com/period_shibuya/,食べログHP欄空白。SNS未確認,未送信,,
活惚れ,居酒屋,渋谷,,03-6455-3170,3.60,705,なし,https://www.instagram.com/kappore1919,食べログHP欄空白。Instagram運営中,未送信,,
酒場 つむぎ堂 渋谷店,居酒屋,渋谷,,03-5738-8955,3.59,326,なし,https://www.instagram.com/sakaba_tsumugido/,食べログHP欄空白。Instagram運営中,未送信,,
雲隠レ,居酒屋,渋谷,,03-6427-0808,3.52,313,なし,https://www.instagram.com/kumogakure.shibuya/,食べログHP欄空白。Instagram運営中,未送信,,
BLANCO ELEGANTE,美容室,渋谷,,,,,なし,,エキテン掲載・HP未登録,未送信,,
COLULU,美容室,渋谷,,,,,なし,https://www.instagram.com/colulu.shibuya/,エキテン掲載・HP未登録,未送信,,
Pure Soul,美容室,渋谷,,,,,なし,https://www.instagram.com/h_puresoul/,エキテン掲載・HP未登録,未送信,,
Salon Regenesis,美容室,渋谷,,,,口コミ729件,なし,,エキテン掲載・HP未登録。口コミ高評価,未送信,,
peeps&suu.,美容室,渋谷,,,,,なし,https://www.instagram.com/peeps.suu.official/,エキテン掲載・HP未登録,未送信,,
seasons by marbles,美容室,渋谷,,,,,なし,https://www.instagram.com/seasons.omotesando/,エキテン掲載・HP未登録,未送信,,
アトリエ・ミズ,美容室,渋谷,,,,,なし,,エキテン掲載・HP未登録,未送信,,
ココサロン,美容室,渋谷,,,,,なし,,エキテン掲載・HP未登録,未送信,,
ダウンタイムオンニ,美容室,渋谷,,,,,なし,,エキテン掲載・HP未登録,未送信,,
パステルアトリエドウー,美容室,渋谷,,,,,なし,,エキテン掲載・HP未登録,未送信,,
ヘアメイクの家庭教師,美容室,渋谷,,,,,なし,,エキテン掲載・HP未登録。出張型,未送信,,
マックスブロンド,美容室,渋谷,,,,,なし,https://www.instagram.com/maxblonde/,エキテン掲載・HP未登録,未送信,,
渋谷オアフカラー専門美容室,美容室,渋谷,,,,,なし,,エキテン掲載・HP未登録。カラー専門,未送信,,
薬草ヘナコレ,美容室,渋谷,,,,,なし,,エキテン掲載・HP未登録。薬草ヘナ専門,未送信,,
HairRoom MOON ZETTON,美容室,立川,,,,,なし,,エキテン掲載・HP未登録,未送信,,
franc hair art,美容室,立川,,,,,なし,,エキテン掲載・HP未登録,未送信,,
美容室かぐや姫,美容室,立川,,,,,なし,https://www.instagram.com/kaguyahime_fukstyle/,エキテン掲載・HP未登録,未送信,,
i2 cafe,カフェ,表参道,,,3.57,506,なし,https://www.instagram.com/i2.cafe/,食べログHP欄空白。電話番号未記載。Instagram運営中,未送信,,
フェアリーズ 表参道店,ネイルサロン,表参道,,,,,なし,,エキテン掲載・HP未登録,未送信,,
BAR東京,バー,銀座,,03-3571-5981,3.32,60,なし,なし,Instagram・HPともになし。食べログのみ掲載,未送信,,
MORI BAR,バー,銀座,,03-3573-0610,3.69,180,なし,https://www.instagram.com/moribar_ginza/,HPなし(食べログにInstagramのみ登録),未送信,,
ビストロ Root,フレンチ,銀座,,03-6263-9653,3.53,273,なし,https://www.instagram.com/bistro_root,HPなし。InstagramをHP欄に登録,未送信,,
鮨 さえ喜,寿司,銀座,,03-3289-0818,4.04,269,なし,なし,食べログ Award 2026 Bronze・百名店2025選出。HP・Instagram共になし。SNSなし店舗,未送信,,
東京焼肉いのうえ 銀座店,焼肉,銀座,,03-6228-6421,3.56,1095,なし,https://www.instagram.com/inoue_ginza/,HPなし。Instagramのみ運用,未送信,,
焼肉 冷麺 ユッチャン。 銀座店,焼肉・韓国料理,銀座,,03-6228-5805,3.55,688,なし,なし,HP・Instagram共になし。食べログのみ掲載,未送信,,
三六 麻布十番店,居酒屋,麻布十番,,03-6459-4536,,口コミ271件,あり,https://www.instagram.com/mirokuazabu/,HP確認済み: あり(miroku-motsu.jp)。営業対象外,HP有り除外,,
博多ほたる 麻布十番店,居酒屋,麻布十番,hotaru-azabu@obu-company.com,03-3451-5533,,口コミ438件,あり,https://www.instagram.com/hakatahotaru.azabu/,HP確認済み: あり(behappy-obu.co.jp)。営業対象外,HP有り除外,,
地鶏割烹 稲垣 麻布十番,居酒屋,麻布十番,,03-6441-2262,,口コミ197件,なし,https://www.instagram.com/jidorikappo_inagaki/,食べログ3.43。HP無し確定（Web検索確認済み）,未送信,,
惣菜 ふじやま,居酒屋,麻布十番,,03-5962-5362,,口コミ76件,あり,https://www.instagram.com/azabu_fujiyama/,HP確認済み: あり(azabu-fujiyama.jp)。営業対象外,HP有り除外,,
薬膳火鍋OSHIDORI,居酒屋,麻布十番,,050-5303-0959,,口コミ182件,あり,https://www.instagram.com/od_jyuban/,HP確認済み: あり(oshidori.info)。営業対象外,HP有り除外,,
麻布 やきとん ふじ嶋,居酒屋,麻布十番,,03-6453-9003,,口コミ162件,あり,https://www.instagram.com/yakitonfujishima/,HP確認済み: あり(infinity8.tokyo)。営業対象外,HP有り除外,,
麻布十番 魚と牛じゃ,居酒屋,麻布十番,,03-3455-5530,,口コミ401件,なし,,食べログ3.52。HP無し確定（Web検索確認済み）,未送信,,
麻布十番居酒屋 あさごや,居酒屋,麻布十番,,03-6809-5830,,口コミ208件,あり,https://www.instagram.com/asagoya10/,HP確認済み: あり(asagoya.jp)。営業対象外,HP有り除外,,
花寅,花屋,広尾,,03-3473-1063,4.6,9,なし,,Google Maps経由で自動取得 (2026-04-08),未送信,,
atelier 10kaen hiroo,花屋,広尾,,03-6455-6913,5,2,なし,,Google Maps経由で自動取得 (2026-04-08),未送信,,
Zanka_haru,カフェ,高田馬場,,,4.5,296,なし,,Google Maps経由で自動取得 (2026-04-08),未送信,,
未来空間 E-Sports Cafe 高田馬場店,カフェ,高田馬場,,03-6279-1681,4.9,374,なし,,Google Maps経由で自動取得 (2026-04-08),未送信,,
Bar FULLHOUSE,バー,池袋,,03-5396-6222,4.7,60,なし,,Google Maps経由で自動取得 (2026-04-08),未送信,,
ユーロベイカーズ EURO BAKERS,ベーカリー,目白,,03-6908-5777,4.3,85,なし,https://www.instagram.com/euro_bakers/,Google Maps経由で自動取得 (2026-04-08),未送信,,
カサロサ,エステサロン,浅草,,03-3842-1103,5,3,なし,,Google Maps経由で自動取得 (2026-04-08),未送信,,
浅草按摩&リラクゼーション樂,エステサロン,浅草,,070-9295-0285,5,14,なし,,Google Maps経由で自動取得 (2026-04-08),未送信,,
HABIT PERSONAL GYM神田店,パーソナルジム,神田,,03-3526-2257,5,32,なし,https://www.instagram.com/habit_personal_gym/,Google Maps経由で自動取得 (2026-04-08),未送信,,
LOKI&ARES GYM,パーソナルジム,神田,,090-4019-8644,5,1,なし,,Google Maps経由で自動取得 (2026-04-08),未送信,,
Barbie GYM,パーソナルジム,神田,,03-6260-5464,5,2,なし,,Google Maps経由で自動取得 (2026-04-08),未送信,,
東日本橋スタジオ,ヨガスタジオ,日本橋,,080-3553-6946,,,なし,,Google Maps経由で自動取得 (2026-04-08),未送信,,
おおむら動物病院,動物病院,吉祥寺,,0422-29-7887,3.1,28,なし,,Google Maps経由で自動取得 (2026-04-08),未送信,,
本宿犬猫病院,動物病院,吉祥寺,,0422-22-7728,4.4,7,なし,,Google Maps経由で自動取得 (2026-04-08),未送信,,
ENGAWA行政書士事務所,行政書士事務所,品川,,070-8558-5928,,,なし,,Google Maps経由で自動取得 (2026-04-08),未送信,,
公認会計士安達哲夫事務所,税理士事務所,原宿,,03-5474-7050,,,なし,,Google Maps経由で自動取得 (2026-04-08),未送信,,
新井久雄税理士事務所,税理士事務所,原宿,,03-3405-7345,,,なし,,Google Maps経由で自動取得 (2026-04-08),未送信,,
Dance Space WING,ダンススタジオ,恵比寿,,03-3716-1108,5,2,なし,,Google Maps経由で自動取得 (2026-04-08),未送信,,
STUDIO ALPHA,ダンススタジオ,恵比寿,,,,,なし,,Google Maps経由で自動取得 (2026-04-08),未送信,,
スタジオ・ダンシン,ダンススタジオ,恵比寿,,03-3449-0388,5,1,なし,,Google Maps経由で自動取得 (2026-04-08),未送信,,
レイリンガル,英会話教室,五反田,,050-3554-5556,,,なし,,Google Maps経由で自動取得 (2026-04-08),未送信,,
Bar Ritorno,バー,経堂,,03-6413-6107,4.2,28,なし,https://www.instagram.com/bar_ritorno/,Google Maps経由で自動取得 (2026-04-08),未送信,,
Shisha Lounge 1986,バー,経堂,,,4.9,229,なし,https://www.instagram.com/shisha.lounge.1986/,Google Maps経由で自動取得 (2026-04-08),未送信,,
DEAR,バー,経堂,,,4.9,9,なし,,Google Maps経由で自動取得 (2026-04-08),未送信,,
バーハジメ,バー,経堂,,,4.7,12,なし,,Google Maps経由で自動取得 (2026-04-08),未送信,,
VIBES BAR,バー,経堂,,,4.7,34,なし,,Google Maps経由で自動取得 (2026-04-08),未送信,,
Pub Aqua,バー,経堂,,03-5477-9933,4.5,12,なし,,Google Maps経由で自動取得 (2026-04-08),未送信,,
Bar nett,バー,経堂,,03-6413-5026,4.4,22,なし,,Google Maps経由で自動取得 (2026-04-08),未送信,,
Garret Ⅱ,バー,経堂,,03-5477-5153,4.2,11,なし,,Google Maps経由で自動取得 (2026-04-08),未送信,,
Bar Mignon,バー,経堂,,03-5799-4794,2.8,4,なし,,Google Maps経由で自動取得 (2026-04-08),未送信,,
大崎自動車整備工場,自動車整備工場,大崎,,0229-28-2070,4.4,5,なし,,Google Maps経由で自動取得 (2026-04-08),未送信,,
クリーニングシマダ,クリーニング店,表参道,,03-3401-5902,4.8,12,なし,,Google Maps経由で自動取得 (2026-04-08),未送信,,
はまやクリーニング店,クリーニング店,表参道,,03-3408-0198,5,1,なし,,Google Maps経由で自動取得 (2026-04-08),未送信,,
サクラ商会,クリーニング店,表参道,,03-3400-6958,3,2,なし,,Google Maps経由で自動取得 (2026-04-08),未送信,,
千駄ケ谷クリーニング,クリーニング店,表参道,,03-3478-3223,4.7,3,なし,,Google Maps経由で自動取得 (2026-04-08),未送信,,
クリーニングやまと,クリーニング店,表参道,,,,,なし,,Google Maps経由で自動取得 (2026-04-08),未送信,,
シモキタ園藝部 ちゃや のはらのお花屋さん,花屋,下北沢,,,5,2,なし,,Google Maps経由で自動取得 (2026-04-08),未送信,,
ふらわー下北沢店,花屋,下北沢,,03-3465-6006,5,2,なし,,Google Maps経由で自動取得 (2026-04-08),未送信,,
大崎歯科医院,歯科医院,大崎,,0299-66-6479,4.1,15,なし,,Google Maps経由で自動取得 (2026-04-08),未送信,,
大崎歯科,歯科医院,大崎,,048-956-3501,5,1,なし,,Google Maps経由で自動取得 (2026-04-08),未送信,,
pilates salon ECRU,ピラティススタジオ,経堂,,,5,3,なし,https://www.instagram.com/pilates_salon_ecru/,Google Maps経由で自動取得 (2026-04-08),未送信,,
つばめそろばん教室目白校/目白台そろばん/高田馬場/護国寺/茗荷谷/池袋そろばん教室/公益社団法人全国珠算学校連盟検定試験実施校/幼稚園保育園送迎無料/プログラミング教室/学習サポート/半導体実験/AIプロンプト/中学受験計算力強化/オンライン,プログラミングスクール,目白,,090-6188-7032,4.8,10,なし,,Google Maps経由で自動取得 (2026-04-08),未送信,,
A.Flora恵比寿店,エステサロン,恵比寿,,03-6412-7955,5,25,なし,,Google Maps経由で自動取得 (2026-04-08),未送信,,
PAZZO,美容室,赤坂,,03-3585-8338,5,14,なし,,Google Maps経由で自動取得 (2026-04-08),未送信,,
整体サロン LaTokyo 代官山,マッサージ,代官山,,080-5104-6313,5,19,なし,,Google Maps経由で自動取得 (2026-04-08),未送信,,
BERYL代官山サロン,マッサージ,代官山,,070-9098-1959,4.9,68,なし,,Google Maps経由で自動取得 (2026-04-08),未送信,,
COCOHA目白店,脱毛サロン,目白,,090-9313-9395,,,なし,,Google Maps経由で自動取得 (2026-04-08),未送信,,
レンタルスタジオAivic新橋,ヨガスタジオ,新橋,,,,,なし,,Google Maps経由で自動取得 (2026-04-08),未送信,,
五反田モータース,自動車整備工場,五反田,,03-5754-1826,4.4,5,なし,,Google Maps経由で自動取得 (2026-04-08),未送信,,
田島自動車,自動車整備工場,五反田,,,,,なし,,Google Maps経由で自動取得 (2026-04-08),未送信,,
荏原オート,自動車整備工場,五反田,,03-3781-4356,5,2,なし,,Google Maps経由で自動取得 (2026-04-08),未送信,,
Englishify,英会話教室,高田馬場,,070-2158-0642,4.7,16,なし,,Google Maps経由で自動取得 (2026-04-08),未送信,,
ECC高田馬場3丁目南教室,英会話教室,高田馬場,,03-3368-8426,,,なし,,Google Maps経由で自動取得 (2026-04-08),未送信,,
GO-EIGO Mission School ミッションスクール 高田馬場教室 (無料英会話),英会話教室,高田馬場,,080-9354-4061,5,6,なし,,Google Maps経由で自動取得 (2026-04-08),未送信,,
下北沢法律事務所,弁護士事務所,下北沢,,03-3460-8672,,,なし,,Google Maps経由で自動取得 (2026-04-08),未送信,,
巻淵法律事務所,弁護士事務所,下北沢,,03-5430-3195,5,1,なし,,Google Maps経由で自動取得 (2026-04-08),未送信,,
緒方法律事務所,弁護士事務所,下北沢,,03-5790-8125,,,なし,,Google Maps経由で自動取得 (2026-04-08),未送信,,
新橋税理士合同事務所,税理士事務所,新橋,,03-3593-0085,,,なし,,Google Maps経由で自動取得 (2026-04-08),未送信,,
和田晃輔税理士事務所,税理士事務所,新橋,,090-4032-7023,,,なし,,Google Maps経由で自動取得 (2026-04-08),未送信,,
税理士事務所,税理士事務所,新橋,,,,,なし,,Google Maps経由で自動取得 (2026-04-08),未送信,,
高橋利和税理士事務所,税理士事務所,新橋,,03-6228-5540,5,1,なし,,Google Maps経由で自動取得 (2026-04-08),未送信,,
amber,カフェ,自由が丘,,,4,156,なし,https://www.instagram.com/amber_jiyugaoka/,Google Maps経由で自動取得 (2026-04-08),未送信,,
TSUBAKIYA Jiyugaoka,カフェ,自由が丘,,03-6421-1140,3.7,37,なし,https://www.instagram.com/tsubakiya_coffee/,Google Maps経由で自動取得 (2026-04-08),未送信,,
MUSE,脱毛サロン,成城,,,4.7,13,なし,,Google Maps経由で自動取得 (2026-04-08),未送信,,
行政書士おおた総合事務所,行政書士事務所,表参道,,03-5302-8533,5,1,なし,,Google Maps経由で自動取得 (2026-04-08),未送信,,
富国生命保険相互会社 新宿支社自由ケ丘営業所,保険代理店,自由が丘,,03-3703-2371,4,2,なし,,Google Maps経由で自動取得 (2026-04-08),未送信,,
朝日生命保険相互会社 自由が丘営業所,保険代理店,自由が丘,,03-5701-9151,2.5,4,なし,,Google Maps経由で自動取得 (2026-04-08),未送信,,
オフィスイー・ティー,保険代理店,自由が丘,,03-5731-9903,,,なし,,Google Maps経由で自動取得 (2026-04-08),未送信,,
（有）信栄パートナーズ,保険代理店,自由が丘,,03-5701-7065,,,なし,,Google Maps経由で自動取得 (2026-04-08),未送信,,
㈱エグゼック（ExeK）,保険代理店,自由が丘,,03-5726-3585,,,なし,,Google Maps経由で自動取得 (2026-04-08),未送信,,
レストラン デリス,飲食店,経堂,,03-3428-5300,4.3,331,なし,,Google Maps経由で自動取得 (2026-04-08),未送信,,
横浜餃子軒,飲食店,経堂,,03-6413-9480,3.5,147,なし,,Google Maps経由で自動取得 (2026-04-08),未送信,,
クリーニングショップたかはし 吉祥寺店,クリーニング店,吉祥寺,,0422-20-6708,1,9,なし,,Google Maps経由で自動取得 (2026-04-08),未送信,,
クリーニングの二葉 清水店,クリーニング店,吉祥寺,,0422-43-4496,,,なし,,Google Maps経由で自動取得 (2026-04-08),未送信,,
白木屋 クリーニング,クリーニング店,吉祥寺,,0422-21-3996,5,2,なし,,Google Maps経由で自動取得 (2026-04-08),未送信,,
ナカムラクリーニング,クリーニング店,吉祥寺,,0422-51-7418,5,2,なし,,Google Maps経由で自動取得 (2026-04-08),未送信,,
（有）菰田工務店,リフォーム・工務店,目白,,03-3955-3656,5,1,なし,,Google Maps経由で自動取得 (2026-04-08),未送信,,
元浅草歯科医院,歯科医院,浅草,,03-3847-7388,4.6,14,なし,,Google Maps経由で自動取得 (2026-04-08),未送信,,
タイ古式＆アロマリンパ＆ヘッドスパSPA総合研究所,マッサージ・スパ,麻布十番,,03-6275-1800,4.5,22,なし,,Google Maps経由で自動取得 (2026-04-08),未送信,,
麻布会員制エステ | オリエンタルスパ / ORIENTAL SPA | 麻布十番ルーム,マッサージ・スパ,麻布十番,,050-8880-3986,4.8,4,なし,,Google Maps経由で自動取得 (2026-04-08),未送信,,
麻布十番メンズエステ,マッサージ・スパ,麻布十番,,,4.8,5,なし,,Google Maps経由で自動取得 (2026-04-08),未送信,,
定食カフェ 黒川食堂,飲食店,下北沢,,03-6450-8137,3.8,487,なし,https://www.instagram.com/kurokawa_shimokitazawa/,Google Maps経由で自動取得 (2026-04-08),未送信,,
エナフル プログラミング教室,プログラミングスクール,三鷹,,090-2203-5280,,,なし,,Google Maps経由で自動取得 (2026-04-08),未送信,,
ECS 英会話スクール,英会話教室,三鷹,,0422-57-8575,5,10,なし,,Google Maps経由で自動取得 (2026-04-08),未送信,,
東京自動車工場,自動車整備工場,銀座,,03-3661-0300,,,なし,,Google Maps経由で自動取得 (2026-04-08),未送信,,
Rua João Batista Salvador,自動車整備工場,銀座,,,,,なし,,Google Maps経由で自動取得 (2026-04-08),未送信,,
銘洋自動車株式会社,自動車整備工場,銀座,,03-6281-5200,,,なし,,Google Maps経由で自動取得 (2026-04-08),未送信,,
（有）橋爪クリーニング本店,クリーニング店,恵比寿,,03-3400-0709,4.7,9,なし,,Google Maps経由で自動取得 (2026-04-08),未送信,,
㈱加藤クリーニング店 本店,クリーニング店,恵比寿,,03-3441-6021,5,1,なし,,Google Maps経由で自動取得 (2026-04-08),未送信,,
阿里郎リラクゼーション 表参道店,マッサージ,原宿,,03-6419-7963,4.1,77,なし,,Google Maps経由で自動取得 (2026-04-08),未送信,,
SaWaDee Relax,マッサージ,原宿,,080-6281-0492,5,5,なし,,Google Maps経由で自動取得 (2026-04-08),未送信,,
㈱レインボウ 五反田店,花屋,五反田,,03-3494-2575,4.5,2,なし,,Google Maps経由で自動取得 (2026-04-08),未送信,,
Anna Beauty,エステサロン,六本木,,,5,35,なし,,Google Maps経由で自動取得 (2026-04-08),未送信,,
ELENA 六本木店,エステサロン,六本木,,080-3356-7987,5,7,なし,https://www.instagram.com/elena.4beauty/,Google Maps経由で自動取得 (2026-04-08),未送信,,
東京ゆまにて法律事務所,弁護士事務所,成城,,03-3416-4371,3,2,なし,,Google Maps経由で自動取得 (2026-04-08),未送信,,
弁護士法人まつば法律事務所,弁護士事務所,成城,,03-6822-6517,,,なし,,Google Maps経由で自動取得 (2026-04-08),未送信,,
伊沢清税理士事務所,税理士事務所,代官山,,03-3770-0703,,,なし,,Google Maps経由で自動取得 (2026-04-08),未送信,,
SPICE DRINK by //nu（スパイスドリンクバイニュー）／代官山カフェスタンド,カフェ,代官山,,,5,27,なし,,Google Maps経由で自動取得 (2026-04-08),未送信,,
roof代官山,カフェ,代官山,,03-4400-7793,5,50,なし,,Google Maps経由で自動取得 (2026-04-08),未送信,,
代官山カーサ,カフェ,代官山,,,4.7,49,なし,https://www.instagram.com/daikanyama_casa/,Google Maps経由で自動取得 (2026-04-08),未送信,,
まちだファミリークリニック,クリニック,町田,,042-708-9208,5,1,なし,,Google Maps経由で自動取得 (2026-04-08),未送信,,
いとうクリニック,クリニック,町田,,042-799-6050,3.9,8,なし,,Google Maps経由で自動取得 (2026-04-08),未送信,,
WellBe,ピラティススタジオ,二子玉川,,070-1057-3761,5,7,なし,,Google Maps経由で自動取得 (2026-04-08),未送信,,
filonnail 表参道店,ネイルサロン,表参道,,090-9757-6916,4.9,14,なし,https://www.instagram.com/filonnail/,Google Maps経由で自動取得 (2026-04-08),未送信,,
Shibuya Bar The Legless Arms,バー,渋谷,,080-1226-1556,4.6,262,なし,https://www.instagram.com/shibuya_bar_the_legless_arms/,Google Maps経由で自動取得 (2026-04-08),未送信,,
萩原社会保険労務士事務所,社労士事務所,五反田,,03-3490-0859,,,なし,,Google Maps経由で自動取得 (2026-04-08),未送信,,
鳴野進学塾,学習塾,新大久保,,090-5585-1717,5,5,なし,,Google Maps経由で自動取得 (2026-04-08),未送信,,
韓国語教室 K Village 新大久保駅前校,学習塾,新大久保,,,4.8,318,なし,,Google Maps経由で自動取得 (2026-04-08),未送信,,
eight eyelash 池袋店 【エイト アイラッシュ】,まつげサロン,池袋,,03-6907-0708,4.8,4,なし,https://www.instagram.com/eight_eyelash/,Google Maps経由で自動取得 (2026-04-08),未送信,,
BAR garden,バー,恵比寿,,03-6277-0669,4.3,37,なし,https://www.instagram.com/bar.garden.ebisu/,Google Maps経由で自動取得 (2026-04-08),未送信,,
吉田クリーニング店,クリーニング店,五反田,,03-3491-3002,4.8,5,なし,,Google Maps経由で自動取得 (2026-04-08),未送信,,
花とめ,花屋,大崎,,03-3441-2941,4.8,5,なし,,Google Maps経由で自動取得 (2026-04-08),未送信,,
メンズ脱毛サロン リアンジュ 立川店,脱毛サロン,立川,,042-595-8102,4.8,105,なし,https://www.instagram.com/rienge__mens/,Google Maps経由で自動取得 (2026-04-08),未送信,,
UNDER SPA,マッサージ・スパ,二子玉川,,070-3178-3030,5,2,なし,,Google Maps経由で自動取得 (2026-04-08),未送信,,
中日整体,マッサージ・スパ,二子玉川,,070-3625-8889,,,なし,,Google Maps経由で自動取得 (2026-04-08),未送信,,
頭浸浴ヘッドスパ専門店 YURA【二子玉川】,マッサージ・スパ,二子玉川,,,,,なし,,Google Maps経由で自動取得 (2026-04-08),未送信,,
24/7ピラティス 天王洲アイル店《個室パーソナルピラティススタジオ》,ピラティススタジオ,品川,,,5,3,なし,,Google Maps経由で自動取得 (2026-04-08),未送信,,
上野第一法律事務所,弁護士事務所,上野,,,3.4,5,なし,,Google Maps経由で自動取得 (2026-04-08),未送信,,
大江戸下町法律事務所,弁護士事務所,上野,,03-5807-2885,4.4,5,なし,,Google Maps経由で自動取得 (2026-04-08),未送信,,
上野総合法律事務所,弁護士事務所,上野,,0120-511-568,,,なし,,Google Maps経由で自動取得 (2026-04-08),未送信,,
上野雅祥法律事務所,弁護士事務所,上野,,03-5275-0955,5,2,なし,,Google Maps経由で自動取得 (2026-04-08),未送信,,
日本司法支援センター東京地方事務所上野出張所(法テラス上野),弁護士事務所,上野,,0570-078-304,3.4,57,なし,,Google Maps経由で自動取得 (2026-04-08),未送信,,
shot bar HIDARIKIKI,バー,上野,,03-3834-0884,4.2,99,なし,,Google Maps経由で自動取得 (2026-04-08),未送信,,
成城写真館,写真スタジオ,成城,,03-3416-2231,,,なし,,Google Maps経由で自動取得 (2026-04-08),未送信,,
スタジオタンク成城,写真スタジオ,成城,,090-4963-2266,5,1,なし,https://www.instagram.com/rhythm_seven_academy/,Google Maps経由で自動取得 (2026-04-08),未送信,,
スタジオピンクフラッシュ,写真スタジオ,成城,,090-3316-9588,,,なし,,Google Maps経由で自動取得 (2026-04-08),未送信,,
studio THE HOUSE nakameguro,結婚相談所,中目黒,,,5,98,なし,,Google Maps経由で自動取得 (2026-04-08),未送信,,
全力ストレッチ経堂店,マッサージ,経堂,,080-8516-2896,4.8,13,なし,,Google Maps経由で自動取得 (2026-04-08),未送信,,
銀座マルヲクリーニング,クリーニング店,銀座,,03-3541-0517,4.6,18,なし,,Google Maps経由で自動取得 (2026-04-08),未送信,,
ランドリーハウス銀座,クリーニング店,銀座,,03-5541-0222,4.5,8,なし,,Google Maps経由で自動取得 (2026-04-08),未送信,,
銀座クリーニング,クリーニング店,銀座,,03-3372-2059,4,1,なし,,Google Maps経由で自動取得 (2026-04-08),未送信,,
メメケア 銀座本店,クリーニング店,銀座,,090-4548-2300,5,1,なし,,Google Maps経由で自動取得 (2026-04-08),未送信,,
税理士・行政書士 大塚会計事務所,税理士事務所,秋葉原,,03-3526-5081,3,2,なし,,Google Maps経由で自動取得 (2026-04-08),未送信,,
アンジュ行政書士法務事務所,行政書士事務所,上野,,03-6876-9709,,,なし,,Google Maps経由で自動取得 (2026-04-08),未送信,,
高橋法務行政書士事務所,行政書士事務所,上野,,03-5827-7015,,,なし,,Google Maps経由で自動取得 (2026-04-08),未送信,,
カラバコスタジオ町田教室,プログラミングスクール,町田,,042-709-3665,5,3,なし,,Google Maps経由で自動取得 (2026-04-08),未送信,,
英語塾アブソ,英会話教室,神田,,050-5435-9259,5,3,なし,,Google Maps経由で自動取得 (2026-04-08),未送信,,
朝日生命保険相互会社 品川営業部,保険代理店,大崎,,03-3492-8437,4.5,2,なし,,Google Maps経由で自動取得 (2026-04-08),未送信,,
クリスタル保険事務所,保険代理店,大崎,,03-3779-1000,,,なし,,Google Maps経由で自動取得 (2026-04-08),未送信,,
ジブラルタ生命保険株式会社 東京第６支社大崎第一・第二・第三営業所,保険代理店,大崎,,03-5434-8492,1,1,なし,,Google Maps経由で自動取得 (2026-04-08),未送信,,
蛯名保険事務所,保険代理店,大崎,,,,,なし,,Google Maps経由で自動取得 (2026-04-08),未送信,,
オフィス星野,保険代理店,大崎,,090-2919-3944,,,なし,,Google Maps経由で自動取得 (2026-04-08),未送信,,
株式会社保険代行社,保険代理店,大崎,,03-6631-4366,,,なし,,Google Maps経由で自動取得 (2026-04-08),未送信,,
（株）ファイナンシャルプランニングサービス,保険代理店,大崎,,03-6417-0717,,,なし,,Google Maps経由で自動取得 (2026-04-08),未送信,,
税理士法人 インフォランス,税理士事務所,品川,,03-4400-6157,,,なし,,Google Maps経由で自動取得 (2026-04-08),未送信,,
Fairly Nail Salon 立川店,ネイルサロン,立川,,090-5161-6539,5,1,なし,,Google Maps経由で自動取得 (2026-04-08),未送信,,
損害保険ジャパン ㈱ 代理店・吉祥寺河田,保険代理店,吉祥寺,,0422-22-4962,3,1,なし,,Google Maps経由で自動取得 (2026-04-08),未送信,,
明治安田生命保険 武蔵野支社,保険代理店,吉祥寺,,0422-23-6521,4.7,3,なし,,Google Maps経由で自動取得 (2026-04-08),未送信,,
よくわかる！ほけん案内 吉祥寺店 株式会社ウイル,保険代理店,吉祥寺,,0120-878-355,,,なし,,Google Maps経由で自動取得 (2026-04-08),未送信,,
AIU 保険会社 倉内代理店,保険代理店,吉祥寺,,0422-20-3251,,,なし,,Google Maps経由で自動取得 (2026-04-08),未送信,,
朝日生命保険相互会社 吉祥寺営業所,保険代理店,吉祥寺,,0422-44-2561,,,なし,,Google Maps経由で自動取得 (2026-04-08),未送信,,
KEY'S CAFÉ 秋葉原SEEKBASE店,カフェ,秋葉原,,03-3254-6160,4.3,313,なし,https://www.instagram.com/akb.keyscafe/,Google Maps経由で自動取得 (2026-04-08),未送信,,
カフェモコ,カフェ,秋葉原,,,3.8,833,なし,,Google Maps経由で自動取得 (2026-04-08),未送信,,
こーひーこっぺる,カフェ,秋葉原,,03-3864-4580,4.7,197,なし,,Google Maps経由で自動取得 (2026-04-08),未送信,,
アイ・ナディア カルチャースクール,学習塾,新橋,,0120-659-269,,,なし,,Google Maps経由で自動取得 (2026-04-08),未送信,,
新橋ゼミ事務局,学習塾,新橋,,03-6273-3014,,,なし,,Google Maps経由で自動取得 (2026-04-08),未送信,,
岩本歯科医院,歯科医院,六本木,,03-3583-0968,4.6,17,なし,,Google Maps経由で自動取得 (2026-04-08),未送信,,
ロイヤル歯科,歯科医院,六本木,,03-3404-0819,5,15,なし,,Google Maps経由で自動取得 (2026-04-08),未送信,,
U-Style,不動産,高田馬場,,03-5937-2388,3.9,58,なし,,Google Maps経由で自動取得 (2026-04-08),未送信,,
Me+(ミープラス)Perle esthetic Salon,脱毛サロン,二子玉川,,070-3353-3156,5,28,なし,https://www.instagram.com/me_plus3156/,Google Maps経由で自動取得 (2026-04-08),未送信,,
岡田人事・労務管理事務所,社労士事務所,恵比寿,,03-5789-2704,,,なし,,Google Maps経由で自動取得 (2026-04-08),未送信,,
社会保険労務士法人林事務所,社労士事務所,恵比寿,,03-6416-1302,5,3,なし,,Google Maps経由で自動取得 (2026-04-08),未送信,,
麻布十番結婚相談所,結婚相談所,麻布十番,,03-3457-9129,,,なし,,Google Maps経由で自動取得 (2026-04-08),未送信,,
メイクライフ・ジャパン,結婚相談所,麻布十番,,,5,3,なし,,Google Maps経由で自動取得 (2026-04-08),未送信,,
新堀,音楽教室,恵比寿,,03-3711-8311,,,なし,,Google Maps経由で自動取得 (2026-04-08),未送信,,
Beeカラ ボーカルスクール恵比寿店,音楽教室,恵比寿,,0120-901-322,5,1,なし,,Google Maps経由で自動取得 (2026-04-08),未送信,,
ダフネ,カフェ,目白,,03-3950-9712,4.3,50,なし,,Google Maps経由で自動取得 (2026-04-08),未送信,,
シーシャカフェ＆バーmusch（ムッシュ）六本木店（hookah lounge musch）,カフェ,六本木,,03-6447-1170,4.8,607,なし,https://www.instagram.com/musch_roppongi/,Google Maps経由で自動取得 (2026-04-08),未送信,,
きっちん ほーむ,飲食店,三鷹,,0422-43-4913,4.5,90,なし,,Google Maps経由で自動取得 (2026-04-08),未送信,,
まるまつ食堂,飲食店,三鷹,,0422-35-1433,4.5,22,なし,,Google Maps経由で自動取得 (2026-04-08),未送信,,
THE BAR 葡萄屋,バー,秋葉原,,03-5809-2226,4.3,47,なし,,Google Maps経由で自動取得 (2026-04-08),未送信,,
ドッグサロン オハナ,ペットサロン,品川,,03-3474-7744,4.8,23,なし,,Google Maps経由で自動取得 (2026-04-08),未送信,,
トリミングサロンMapleFlower,ペットサロン,品川,,,5,7,なし,,Google Maps経由で自動取得 (2026-04-08),未送信,,
ユニーク,ペットサロン,品川,,03-6433-0558,4.6,7,なし,,Google Maps経由で自動取得 (2026-04-08),未送信,,
ドックサロン ループス,ペットサロン,品川,,03-6452-3362,4.8,11,なし,,Google Maps経由で自動取得 (2026-04-08),未送信,,
KALON 美容鍼×整体,整体院・鍼灸院,赤坂,,070-1668-8641,5,12,なし,,Google Maps経由で自動取得 (2026-04-08),未送信,,
赤坂龍王漢方治療院,整体院・鍼灸院,赤坂,,03-3587-0796,5,1,なし,,Google Maps経由で自動取得 (2026-04-08),未送信,,
La pilates 上野店《整体×マシンピラティス》ラピラティス,ピラティススタジオ,上野,,070-3546-1883,5,4,なし,https://www.instagram.com/lapilates_ueno/,Google Maps経由で自動取得 (2026-04-08),未送信,,
Utakata,バー,大崎,,,4.4,33,なし,https://www.instagram.com/utakata_barbistro/,Google Maps経由で自動取得 (2026-04-08),未送信,,
Casual BAR Don'tCry,バー,大崎,,03-6450-2597,4.2,26,なし,,Google Maps経由で自動取得 (2026-04-08),未送信,,
もんてく,バー,大崎,,03-3493-0684,4.2,60,なし,,Google Maps経由で自動取得 (2026-04-08),未送信,,
BAR 樽の水,バー,大崎,,03-5789-4566,4,84,なし,,Google Maps経由で自動取得 (2026-04-08),未送信,,
フラワーショップマスダ 新宿小滝橋店,花屋,新宿,,03-3362-5571,4.6,11,なし,,Google Maps経由で自動取得 (2026-04-08),未送信,,
Yoga salon GRACIAGE,ヨガスタジオ,下北沢,,,,,なし,https://www.instagram.com/yoga_salon_graciage/,Google Maps経由で自動取得 (2026-04-08),未送信,,
渋谷国際法律事務所 Shibuya International Law Office,弁護士事務所,渋谷,,03-6712-7454,4.5,8,なし,,Google Maps経由で自動取得 (2026-04-08),未送信,,
INNER GLOW (インナーグロウ) 中目黒｜マイクロ波温熱×黄土よもぎ蒸し×腸活｜小顔・痩身・温活,マッサージ,中目黒,,070-2356-9252,,,なし,,Google Maps経由で自動取得 (2026-04-08),未送信,,
株式会社アステバン,不動産,立川,,042-595-7355,5,27,なし,,Google Maps経由で自動取得 (2026-04-08),未送信,,
プログラミングスクール,プログラミングスクール,神田,,,,,なし,,Google Maps経由で自動取得 (2026-04-08),未送信,,
DC nail salon渋谷店,ネイルサロン,渋谷,,03-4363-5485,5,2,なし,,Google Maps経由で自動取得 (2026-04-08),未送信,,
京大博士の進学塾,学習塾,中目黒,,0800-080-4834,5,1,なし,,Google Maps経由で自動取得 (2026-04-08),未送信,,
DOG's PRO SHOP TERRIER'S（テリアス）麻布店,ペットサロン,麻布十番,,03-3560-2266,4.9,7,なし,,Google Maps経由で自動取得 (2026-04-08),未送信,,
SWITCH東京(品川プリンスホテル内),写真スタジオ,品川,,03-6694-6275,4.7,18,なし,,Google Maps経由で自動取得 (2026-04-08),未送信,,
EYELA高田馬場,まつげサロン,高田馬場,,090-7738-0198,5,1,なし,https://www.instagram.com/eyela.official/,Google Maps経由で自動取得 (2026-04-08),未送信,,
RYTヨガ資格 YogaWorks,ヨガスタジオ,五反田,,,5,4,なし,https://www.instagram.com/yogaworkscojp/,Google Maps経由で自動取得 (2026-04-08),未送信,,
Tiny moco ケンネル,ペットサロン,町田,,090-4734-2464,3.4,5,なし,,Google Maps経由で自動取得 (2026-04-08),未送信,,
ペットサロンプチ・シャンポ,ペットサロン,町田,,042-726-6881,4.4,5,なし,,Google Maps経由で自動取得 (2026-04-08),未送信,,
Trimmingsalon Becket,ペットサロン,町田,,,,,なし,,Google Maps経由で自動取得 (2026-04-08),未送信,,
ペットケアサロンＭｏｃｈａ,ペットサロン,町田,,042-796-6329,5,1,なし,,Google Maps経由で自動取得 (2026-04-08),未送信,,
Nail salonN.中目黒,ネイルサロン,中目黒,,,,,なし,,Google Maps経由で自動取得 (2026-04-08),未送信,,
DELICAT【デリカ】中目黒,ネイルサロン,中目黒,,03-6412-7525,5,8,なし,https://www.instagram.com/delicat_eyelashsnail/,Google Maps経由で自動取得 (2026-04-08),未送信,,
ネイルサロン アウル,ネイルサロン,中目黒,,03-6412-8133,4.3,4,なし,https://www.instagram.com/nailsalonowl/,Google Maps経由で自動取得 (2026-04-08),未送信,,
du Mythique 中目黒,ネイルサロン,中目黒,,03-5721-0669,5,1,なし,,Google Maps経由で自動取得 (2026-04-08),未送信,,
（有）菊田自動車整備工場,自動車整備工場,吉祥寺,,0422-51-4876,4.8,8,なし,,Google Maps経由で自動取得 (2026-04-08),未送信,,
赤坂総合法律事務所,弁護士事務所,赤坂,,03-3586-8211,4,3,なし,,Google Maps経由で自動取得 (2026-04-08),未送信,,
表町法律事務所,弁護士事務所,赤坂,,03-3556-1336,,,なし,,Google Maps経由で自動取得 (2026-04-08),未送信,,
平林英昭法律事務所,弁護士事務所,赤坂,,03-3588-1380,5,2,なし,,Google Maps経由で自動取得 (2026-04-08),未送信,,
いちょう坂法律事務所,弁護士事務所,赤坂,,03-3405-4646,5,2,なし,,Google Maps経由で自動取得 (2026-04-08),未送信,,
eyelash salon etora 吉祥寺,まつげサロン,吉祥寺,,0422-27-5144,5,2,なし,,Google Maps経由で自動取得 (2026-04-08),未送信,,
レンタルスペース リノスペstudio五反田,写真スタジオ,五反田,,050-1808-7637,4.2,5,なし,,Google Maps経由で自動取得 (2026-04-08),未送信,,
クラウンバニースタジオ,写真スタジオ,五反田,,,3.3,4,なし,,Google Maps経由で自動取得 (2026-04-08),未送信,,
ヒーリングサロンfeerique,占い・カウンセリング,銀座,,080-1634-9098,5,4,なし,,Google Maps経由で自動取得 (2026-04-08),未送信,,
トリミングサロン わんこと,ペットサロン,渋谷,,03-6300-9205,5,6,なし,,Google Maps経由で自動取得 (2026-04-08),未送信,,
SUMUZO STUDIO SHINBASHI（すむぞう新橋スタジオ）,ダンススタジオ,新橋,,,3.4,18,なし,,Google Maps経由で自動取得 (2026-04-08),未送信,,
STUDIO HIRO,ダンススタジオ,新橋,,03-6228-5648,4,1,なし,,Google Maps経由で自動取得 (2026-04-08),未送信,,
マルイチスタジオ,ダンススタジオ,新橋,,,,,なし,,Google Maps経由で自動取得 (2026-04-08),未送信,,
朝日クリーニング店,クリーニング店,池袋,,03-3982-1628,4.2,11,なし,,Google Maps経由で自動取得 (2026-04-08),未送信,,
クリーニングロイヤル,クリーニング店,池袋,,03-3983-2607,2.1,29,なし,,Google Maps経由で自動取得 (2026-04-08),未送信,,
丸尾クリーニング,クリーニング店,池袋,,03-3982-5093,4,2,なし,,Google Maps経由で自動取得 (2026-04-08),未送信,,
モアリフレッシュ 新宿東口本店,マッサージ・スパ,新宿,,03-6380-2570,4.8,2073,なし,,Google Maps経由で自動取得 (2026-04-08),未送信,,
愈 新宿歌舞伎町店,マッサージ・スパ,新宿,,03-6205-9987,5,889,なし,,Google Maps経由で自動取得 (2026-04-08),未送信,,
丸八 高田馬場本店,飲食店,高田馬場,,03-3209-1535,3.8,252,なし,,Google Maps経由で自動取得 (2026-04-08),未送信,,
食堂ひろ,飲食店,高田馬場,,,4.7,46,なし,,Google Maps経由で自動取得 (2026-04-08),未送信,,
キッチン谷沢,飲食店,高田馬場,,03-3208-7610,4.3,341,なし,,Google Maps経由で自動取得 (2026-04-08),未送信,,
男の脱毛 toal 新宿高田馬場店,脱毛サロン,高田馬場,,,5,2,なし,https://www.instagram.com/mens.toal/,Google Maps経由で自動取得 (2026-04-08),未送信,,
Lilyembellir【ﾘﾘｨｱﾝﾍﾞﾘｰﾙ】,脱毛サロン,高田馬場,,03-6304-0569,5,5,なし,,Google Maps経由で自動取得 (2026-04-08),未送信,,
大崎･三木法律事務所,弁護士事務所,大崎,,,,,なし,,Google Maps経由で自動取得 (2026-04-08),未送信,,
池田山総合法律事務所,弁護士事務所,大崎,,03-6450-4728,3,2,なし,,Google Maps経由で自動取得 (2026-04-08),未送信,,
村野法律事務所,弁護士事務所,大崎,,03-3492-0145,4.5,2,なし,,Google Maps経由で自動取得 (2026-04-08),未送信,,
渡辺法律事務所,弁護士事務所,大崎,,03-3779-5150,,,なし,,Google Maps経由で自動取得 (2026-04-08),未送信,,
麻布会計事務所,税理士事務所,麻布十番,,03-6450-2985,,,なし,,Google Maps経由で自動取得 (2026-04-08),未送信,,
かにえ税経事務所,税理士事務所,麻布十番,,03-3582-9018,1,1,なし,,Google Maps経由で自動取得 (2026-04-08),未送信,,
麻布カウンセリングルーム,占い・カウンセリング,六本木,,090-3216-4643,5,1,なし,,Google Maps経由で自動取得 (2026-04-08),未送信,,
cafe de clair カフェ ド クレール 大崎ツインビル東館店,カフェ,大崎,,03-6277-2846,4.6,7,なし,,Google Maps経由で自動取得 (2026-04-08),未送信,,
ターニーベーカリーカフェ,カフェ,大崎,,03-6417-0360,4.1,40,なし,,Google Maps経由で自動取得 (2026-04-08),未送信,,
anicare+三軒茶屋,ペットサロン,三軒茶屋,,,4.9,18,なし,,Google Maps経由で自動取得 (2026-04-08),未送信,,
ペットホテルlitcos salon-リトコスサロン-三軒茶屋,ペットサロン,三軒茶屋,,070-8900-6565,5,16,なし,,Google Maps経由で自動取得 (2026-04-08),未送信,,
三軒茶屋アニマルクリニック,ペットサロン,三軒茶屋,,03-3412-4726,4.7,48,なし,,Google Maps経由で自動取得 (2026-04-08),未送信,,
猪野塚動物病院,動物病院,新橋,,03-3372-1670,5,40,なし,,Google Maps経由で自動取得 (2026-04-08),未送信,,
SHARE下北沢,バー,下北沢,,03-5453-3211,4.3,54,なし,https://www.instagram.com/share_shimokitazawa/,Google Maps経由で自動取得 (2026-04-08),未送信,,
Good Time Bar,バー,下北沢,,,4.6,26,なし,,Google Maps経由で自動取得 (2026-04-08),未送信,,
BAR FORCE,バー,下北沢,,03-6416-8313,4.4,18,なし,,Google Maps経由で自動取得 (2026-04-08),未送信,,
BAR GEEK,バー,下北沢,,03-6804-8409,4.8,33,なし,https://www.instagram.com/bar_geek_/,Google Maps経由で自動取得 (2026-04-08),未送信,,
下北沢BAR ENSAMBLE（アンサンブル）,バー,下北沢,,,5,4,なし,,Google Maps経由で自動取得 (2026-04-08),未送信,,
クリーニングショップたかはし 三鷹店,クリーニング店,三鷹,,0422-41-2055,3.9,11,なし,,Google Maps経由で自動取得 (2026-04-08),未送信,,
クリーニングスカイ,クリーニング店,三鷹,,0422-76-4770,2.4,7,なし,,Google Maps経由で自動取得 (2026-04-08),未送信,,
TCMホール,音楽教室,中目黒,,,4.6,27,なし,,Google Maps経由で自動取得 (2026-04-08),未送信,,
Cafe Garage カフェ ガラージュ,カフェ,品川,,03-3441-5438,4.6,210,なし,,Google Maps経由で自動取得 (2026-04-08),未送信,,
朝日生命保険相互会社 東京東統括支社・上野サービス窓口,保険代理店,上野,,03-3834-6053,3.7,14,なし,,Google Maps経由で自動取得 (2026-04-08),未送信,,
大同生命保険㈱ 上野支社,保険代理店,上野,,03-3831-7050,5,1,なし,,Google Maps経由で自動取得 (2026-04-08),未送信,,
第一生命保険 上野総合支社,保険代理店,上野,,03-3831-1281,2.7,7,なし,,Google Maps経由で自動取得 (2026-04-08),未送信,,
㈱ライフタイム,保険代理店,上野,,03-5817-0331,,,なし,,Google Maps経由で自動取得 (2026-04-08),未送信,,
ポールズイングリッシュスクール,英会話教室,浅草,,03-3875-5151,5,1,なし,,Google Maps経由で自動取得 (2026-04-08),未送信,,
浅草イングリッシュスクールレプトン校,英会話教室,浅草,,080-1296-9581,,,なし,,Google Maps経由で自動取得 (2026-04-08),未送信,,
ベネッセの英語教室BE studio 東浅草1丁目教室,英会話教室,浅草,,0120-815-896,,,なし,,Google Maps経由で自動取得 (2026-04-08),未送信,,
グラーティア,ベーカリー,立川,,042-512-8667,4.5,85,なし,,Google Maps経由で自動取得 (2026-04-08),未送信,,
パンの店 フェルマータ,ベーカリー,立川,,042-534-3334,4.6,117,なし,,Google Maps経由で自動取得 (2026-04-08),未送信,,
BAKU BAKU,ベーカリー,立川,,,4.3,21,なし,,Google Maps経由で自動取得 (2026-04-08),未送信,,
CAKE&BREAD マニシェール,ベーカリー,立川,,042-537-2202,4.2,28,なし,,Google Maps経由で自動取得 (2026-04-08),未送信,,
行政書士西神田事務所,行政書士事務所,神田,,03-6876-1242,,,なし,,Google Maps経由で自動取得 (2026-04-08),未送信,,
宮下法務行政書士事務所,行政書士事務所,神田,,050-3559-3300,,,なし,,Google Maps経由で自動取得 (2026-04-08),未送信,,
あや国際行政書士事務所,行政書士事務所,神田,,,,,なし,,Google Maps経由で自動取得 (2026-04-08),未送信,,
C3 Yoga Studio,ヨガスタジオ,経堂,,0120-791-388,,,なし,,Google Maps経由で自動取得 (2026-04-08),未送信,,
神田合同税理士事務所,税理士事務所,神田,,03-3518-2711,,,なし,,Google Maps経由で自動取得 (2026-04-08),未送信,,
uru 【ウル】二子玉川,美容室,二子玉川,,070-1068-5795,5,36,なし,https://www.instagram.com/uru.futakotamagawa/,Google Maps経由で自動取得 (2026-04-08),未送信,,
トータルビューティー サロン ル・アモーレ,脱毛サロン,広尾,,070-4017-0118,5,12,なし,,Google Maps経由で自動取得 (2026-04-08),未送信,,
LYRIM（リライム）表参道・外苑前店,パーソナルジム,表参道,,,5,3,なし,,Google Maps経由で自動取得 (2026-04-08),未送信,,
㈱東京海上日動パートナーズTOKIO 西東京支店立川支社,保険代理店,立川,,042-548-2441,4.8,4,なし,,Google Maps経由で自動取得 (2026-04-08),未送信,,
エヌエヌ生命保険（株）立川営業部,保険代理店,立川,,042-540-1443,4,1,なし,,Google Maps経由で自動取得 (2026-04-08),未送信,,
第一生命保険 立川支社,保険代理店,立川,,042-523-2521,2.9,9,なし,,Google Maps経由で自動取得 (2026-04-08),未送信,,
B&G hair salon,美容室,新大久保,,03-6886-7787,4.7,35,なし,,Google Maps経由で自動取得 (2026-04-08),未送信,,
新大久保ZY 东京华人美发,美容室,新大久保,,070-4166-9655,4.7,54,なし,,Google Maps経由で自動取得 (2026-04-08),未送信,,
Queen Beauty Salon 大久保本店,美容室,新大久保,,03-5497-8788,4.9,28,なし,https://www.instagram.com/queenbeautysalonokubo/,Google Maps経由で自動取得 (2026-04-08),未送信,,
BAR Onsight バー オンサイト,バー,三鷹,,0422-26-7746,4.8,33,なし,,Google Maps経由で自動取得 (2026-04-08),未送信,,
Bar Alley (バー アリー),バー,三鷹,,0422-90-9676,4.3,13,なし,,Google Maps経由で自動取得 (2026-04-08),未送信,,
チャップス,バー,三鷹,,0422-47-3370,4.8,21,なし,,Google Maps経由で自動取得 (2026-04-08),未送信,,
ＷＡＴＥＲＦＯＷＬＳ,バー,三鷹,,0422-79-1410,4.2,13,なし,,Google Maps経由で自動取得 (2026-04-08),未送信,,
One shot bar BALL,バー,三鷹,,0422-54-0414,4.7,53,なし,,Google Maps経由で自動取得 (2026-04-08),未送信,,
コノイソーズ・コンシェルジュ,バー,三鷹,,0422-53-8911,4.6,12,なし,,Google Maps経由で自動取得 (2026-04-08),未送信,,
Lady's Bar MIKAKU,バー,三鷹,,0422-48-8105,4.8,4,なし,,Google Maps経由で自動取得 (2026-04-08),未送信,,
田中鍼灸整骨院（旧あい鍼灸整骨院）,整体院・鍼灸院,町田,,042-710-5433,4.8,122,なし,,Google Maps経由で自動取得 (2026-04-08),未送信,,
（有）阿部工務店,リフォーム・工務店,六本木,,03-3583-3176,5,1,なし,,Google Maps経由で自動取得 (2026-04-08),未送信,,
高山社会保険労務士事務所,社労士事務所,代官山,,03-5784-0120,,,なし,,Google Maps経由で自動取得 (2026-04-08),未送信,,
大野事務所（社会保険労務士法人）,社労士事務所,代官山,,03-3496-4884,3.7,6,なし,,Google Maps経由で自動取得 (2026-04-08),未送信,,
原宿Rock Bar HALF MOON,バー,表参道,,03-3796-0826,4.7,139,なし,https://www.instagram.com/halfmoonhide_tokyomagic/,Google Maps経由で自動取得 (2026-04-08),未送信,,
WINE LIVING Signature,バー,表参道,,03-6459-2980,4.5,59,なし,https://www.instagram.com/wineliving_signature/,Google Maps経由で自動取得 (2026-04-08),未送信,,
ハーモニープレイス,結婚相談所,渋谷,,090-2635-0222,5,31,なし,,Google Maps経由で自動取得 (2026-04-08),未送信,,
結婚相談所 Angelyou,結婚相談所,渋谷,,090-4665-9264,5,11,なし,,Google Maps経由で自動取得 (2026-04-08),未送信,,
Nail salon A L L Y,ネイルサロン,自由が丘,,,5,5,なし,https://www.instagram.com/allynail_yuki/,Google Maps経由で自動取得 (2026-04-08),未送信,,
【法人向け】保険代理店・株式会社グローバルインシュアランス,保険代理店,五反田,,03-3491-0900,,,なし,,Google Maps経由で自動取得 (2026-04-08),未送信,,
朝日生命保険相互会社 五反田営業所,保険代理店,五反田,,03-3449-3401,,,なし,,Google Maps経由で自動取得 (2026-04-08),未送信,,
ニットー保険企画,保険代理店,五反田,,03-5798-3606,,,なし,,Google Maps経由で自動取得 (2026-04-08),未送信,,
タイ古式マッサージ 夏蓮,マッサージ,恵比寿,,03-6416-4118,3.2,10,なし,,Google Maps経由で自動取得 (2026-04-08),未送信,,
Stretch＆Training Gym CLEAR六本木,パーソナルジム,六本木,,03-6434-7043,5,20,なし,https://www.instagram.com/gym.clear/,Google Maps経由で自動取得 (2026-04-08),未送信,,
㈱オールワンエージェント,保険代理店,新橋,,,,,なし,,Google Maps経由で自動取得 (2026-04-08),未送信,,
オリックス生命代理店:㈱アサヒビジネス,保険代理店,新橋,,03-5840-8806,,,なし,,Google Maps経由で自動取得 (2026-04-08),未送信,,
税理士法人日本経営 池袋事務所,税理士事務所,池袋,,,,,なし,,Google Maps経由で自動取得 (2026-04-08),未送信,,
---,脱毛サロン,秋葉原,,080-9098-0321,4.8,6,なし,,Google Maps経由で自動取得 (2026-04-08),未送信,,
渋谷税理士事務所,税理士事務所,赤坂,,03-3475-6780,,,なし,,Google Maps経由で自動取得 (2026-04-08),未送信,,
赤坂税理士事務所,税理士事務所,赤坂,,03-6240-1104,,,なし,,Google Maps経由で自動取得 (2026-04-08),未送信,,
More Glam Nailsalon 原宿竹下口店,ネイルサロン,原宿,,03-6820-6378,4.4,19,なし,,Google Maps経由で自動取得 (2026-04-08),未送信,,
ちゅーりっぷ原宿,ネイルサロン,原宿,,,5,4,なし,https://www.instagram.com/tulip___nail/,Google Maps経由で自動取得 (2026-04-08),未送信,,
移転のため2024年12月閉校,プログラミングスクール,渋谷,,03-6802-4871,,,なし,,Google Maps経由で自動取得 (2026-04-08),未送信,,
ワンナップ英会話 東京八重洲・日本橋校,英会話教室,日本橋,,,4.7,3,なし,,Google Maps経由で自動取得 (2026-04-08),未送信,,
onsenSPA 吉祥寺店,マッサージ,吉祥寺,,03-4446-4575,4.3,35,なし,,Google Maps経由で自動取得 (2026-04-08),未送信,,
春樹 Relaxation吉祥寺ダイヤ街店,マッサージ,吉祥寺,,0422-69-2048,3.5,18,なし,,Google Maps経由で自動取得 (2026-04-08),未送信,,
東洋美体吉祥寺本店,マッサージ,吉祥寺,,0422-27-6389,3.9,33,なし,,Google Maps経由で自動取得 (2026-04-08),未送信,,
吉祥寺メンズエステ,マッサージ,吉祥寺,,,,,なし,,Google Maps経由で自動取得 (2026-04-08),未送信,,
伊藤音楽教室,音楽教室,浅草,,03-3875-1332,5,3,なし,,Google Maps経由で自動取得 (2026-04-08),未送信,,
蔵前音楽教室,音楽教室,浅草,,,5,2,なし,,Google Maps経由で自動取得 (2026-04-08),未送信,,
森岡ピアノ教室,音楽教室,浅草,,03-3874-3174,,,なし,,Google Maps経由で自動取得 (2026-04-08),未送信,,
Jinji Yoga @ Shinjuku,ヨガスタジオ,高田馬場,,,5,2,なし,,Google Maps経由で自動取得 (2026-04-08),未送信,,
結婚相談所 Blooming Day,結婚相談所,二子玉川,,080-6189-1575,5,1,なし,,Google Maps経由で自動取得 (2026-04-08),未送信,,
【二子玉川・オンライン】結婚相談所PARTNERS SALON,結婚相談所,二子玉川,,,5,4,なし,,Google Maps経由で自動取得 (2026-04-08),未送信,,
コーヒーショップギャラン,カフェ,上野,,03-3836-2756,3.8,1536,なし,,Google Maps経由で自動取得 (2026-04-08),未送信,,
studio ACE,ピラティススタジオ,赤坂,,,5,9,なし,,Google Maps経由で自動取得 (2026-04-08),未送信,,
下北の灯,マッサージ,下北沢,,03-5787-5078,5,5,なし,,Google Maps経由で自動取得 (2026-04-08),未送信,,
美瑛 BIEI,ベーカリー,吉祥寺,,,4,22,なし,https://www.instagram.com/bieibakery.adv/,Google Maps経由で自動取得 (2026-04-08),未送信,,
麻布九番,飲食店,麻布十番,,03-5443-5557,4.5,39,なし,,Google Maps経由で自動取得 (2026-04-08),未送信,,
ふじや食堂,飲食店,麻布十番,,03-3451-1063,4.1,222,なし,,Google Maps経由で自動取得 (2026-04-08),未送信,,
旬の味 たき下,飲食店,麻布十番,,03-5418-4701,4.2,690,なし,,Google Maps経由で自動取得 (2026-04-08),未送信,,
とりビアー 麻布十番店,飲食店,麻布十番,,03-6435-1177,3.8,182,なし,,Google Maps経由で自動取得 (2026-04-08),未送信,,
新福菜館 麻布十番店,飲食店,麻布十番,,03-6441-3395,4.1,1291,なし,,Google Maps経由で自動取得 (2026-04-08),未送信,,
ギター教室 Music therapy 音楽事業（コンサート企画、演奏依頼、講師依頼）,音楽教室,日本橋,,03-6202-2935,,,なし,,Google Maps経由で自動取得 (2026-04-08),未送信,,
モンスター イングリッシュ,英会話教室,大崎,,080-3611-5519,,,なし,,Google Maps経由で自動取得 (2026-04-08),未送信,,
東栄自動車工業（有）,自動車整備工場,町田,,042-796-2559,4.5,35,なし,,Google Maps経由で自動取得 (2026-04-08),未送信,,
サンワ自動車（有）,自動車整備工場,町田,,042-793-3121,4.3,7,なし,,Google Maps経由で自動取得 (2026-04-08),未送信,,
マグマオート,自動車整備工場,町田,,042-729-7609,4.7,20,なし,,Google Maps経由で自動取得 (2026-04-08),未送信,,
石井自動車工業（株）,自動車整備工場,町田,,042-796-2445,5,4,なし,,Google Maps経由で自動取得 (2026-04-08),未送信,,
カーセンター 江口,自動車整備工場,町田,,042-791-6575,3.9,28,なし,,Google Maps経由で自動取得 (2026-04-08),未送信,,
コワーキングスペースinスーパーホテル新橋・烏森口,コワーキングスペース,新橋,,03-3431-9000,2.7,3,なし,,Google Maps経由で自動取得 (2026-04-08),未送信,,
一枚スタジオ,写真スタジオ,浅草,,03-4362-8316,5,96,なし,,Google Maps経由で自動取得 (2026-04-08),未送信,,
社会保険労務士法人ローム品川,社労士事務所,品川,,,5,9,なし,,Google Maps経由で自動取得 (2026-04-08),未送信,,
La pilates 目黒店,ピラティススタジオ,五反田,,,4.9,59,なし,,Google Maps経由で自動取得 (2026-04-08),未送信,,
佐藤税理士事務所,税理士事務所,成城,,03-6411-4331,,,なし,,Google Maps経由で自動取得 (2026-04-08),未送信,,
橋口税理士事務所,税理士事務所,成城,,03-3488-3003,5,1,なし,,Google Maps経由で自動取得 (2026-04-08),未送信,,
清水会計事務所,税理士事務所,成城,,03-5727-8547,,,なし,,Google Maps経由で自動取得 (2026-04-08),未送信,,
ZEZEHIHI MUSIC,音楽教室,赤坂,,03-5829-8767,5,1,なし,,Google Maps経由で自動取得 (2026-04-08),未送信,,
音楽教室アンサンブル,音楽教室,赤坂,,,,,なし,,Google Maps経由で自動取得 (2026-04-08),未送信,,
サロンドミュージックバルバラ,音楽教室,赤坂,,03-3586-4484,3.9,17,なし,,Google Maps経由で自動取得 (2026-04-08),未送信,,
新幸クリーニング クリーンプラザスギハラ 西早稲田店,クリーニング店,高田馬場,,03-3203-8666,4.3,21,なし,,Google Maps経由で自動取得 (2026-04-08),未送信,,
クリーニング池原,クリーニング店,高田馬場,,,3,1,なし,,Google Maps経由で自動取得 (2026-04-08),未送信,,
コインランドリー「洗乾大和」高田馬場店,クリーニング店,高田馬場,,,4.2,14,なし,,Google Maps経由で自動取得 (2026-04-08),未送信,,
クリーニングJUN (室橋商会),クリーニング店,高田馬場,,03-3953-7284,4.8,17,なし,,Google Maps経由で自動取得 (2026-04-08),未送信,,
アワーズ高田馬場2号店,クリーニング店,高田馬場,,,2.3,3,なし,,Google Maps経由で自動取得 (2026-04-08),未送信,,
フォトスタジオ・ファントゥービー 代官山,写真スタジオ,代官山,,03-5422-3477,,,なし,,Google Maps経由で自動取得 (2026-04-08),未送信,,
Number 5 Shinagwa,マッサージ・スパ,五反田,,080-7211-9871,,,なし,,Google Maps経由で自動取得 (2026-04-08),未送信,,
ミルクスパ,マッサージ・スパ,五反田,,070-3839-8881,4,1,なし,,Google Maps経由で自動取得 (2026-04-08),未送信,,
癒しの源,マッサージ・スパ,五反田,,03-3442-0418,3.9,22,なし,,Google Maps経由で自動取得 (2026-04-08),未送信,,
エクセレント ミュージックスクール 原宿校,音楽教室,原宿,,03-6416-8356,5,2,なし,,Google Maps経由で自動取得 (2026-04-08),未送信,,
中野ダンススクール,ダンススタジオ,麻布十番,,03-3452-1551,4.3,3,なし,,Google Maps経由で自動取得 (2026-04-08),未送信,,
せたパン 世田谷製パン,ベーカリー,三軒茶屋,,03-3421-0179,3.8,128,なし,,Google Maps経由で自動取得 (2026-04-08),未送信,,
朝日生命保険相互会社世田谷中央営業所,保険代理店,下北沢,,03-3465-5070,3,2,なし,,Google Maps経由で自動取得 (2026-04-08),未送信,,
朝日生命保険相互会社 下北沢営業所,保険代理店,下北沢,,03-3468-4311,,,なし,,Google Maps経由で自動取得 (2026-04-08),未送信,,
アメリカンファミリーサービスショップ下北沢駅前店,保険代理店,下北沢,,0120-580-408,,,なし,,Google Maps経由で自動取得 (2026-04-08),未送信,,
明治安田生命,保険代理店,下北沢,,,,,なし,,Google Maps経由で自動取得 (2026-04-08),未送信,,
㈱サンクス,保険代理店,下北沢,,03-6407-9712,,,なし,,Google Maps経由で自動取得 (2026-04-08),未送信,,
昭栄興業㈱,保険代理店,下北沢,,03-3468-1591,3.5,2,なし,,Google Maps経由で自動取得 (2026-04-08),未送信,,
㈱中央自動車整備工場,自動車整備工場,日本橋,,03-3552-3851,3.3,9,なし,,Google Maps経由で自動取得 (2026-04-08),未送信,,
NISHI AUTO,自動車整備工場,日本橋,,,5,1,なし,,Google Maps経由で自動取得 (2026-04-08),未送信,,
トヨタモビリティ東京 日本橋サービスセンター,自動車整備工場,日本橋,,,3.7,28,なし,,Google Maps経由で自動取得 (2026-04-08),未送信,,
トヨタ自動車株式会社 日本橋事務所,自動車整備工場,日本橋,,03-5391-5430,3,1,なし,,Google Maps経由で自動取得 (2026-04-08),未送信,,
中央自動車交通㈱,自動車整備工場,日本橋,,03-3666-5261,3.9,7,なし,,Google Maps経由で自動取得 (2026-04-08),未送信,,
株式会社 ノリトシ自動車,自動車整備工場,日本橋,,03-3453-7700,4.6,8,なし,,Google Maps経由で自動取得 (2026-04-08),未送信,,
Tirehood,自動車整備工場,日本橋,,,1,1,なし,,Google Maps経由で自動取得 (2026-04-08),未送信,,
旬菜ダイニング 千の恵み,飲食店,目白,,03-6908-3238,4.4,43,なし,,Google Maps経由で自動取得 (2026-04-08),未送信,,
大衆酒場目白かつりき,飲食店,目白,,03-6908-0195,4.5,22,なし,,Google Maps経由で自動取得 (2026-04-08),未送信,,
脱毛/ハーブピーリング TRYSHIFT 品川大井町店,エステサロン,品川,,080-1753-2774,5,3,なし,https://www.instagram.com/tryshift/,Google Maps経由で自動取得 (2026-04-08),未送信,,
簡易保険加入者協会（一般（財））町田代理店,保険代理店,町田,,042-723-5883,5,2,なし,,Google Maps経由で自動取得 (2026-04-08),未送信,,
PRIVATE BAR VIA(プライベート バー ビア),バー,立川,,,4.9,43,なし,,Google Maps経由で自動取得 (2026-04-08),未送信,,
YOGA STUDIO SOL - ヨガスタジオSOL 新大久保,ヨガスタジオ,新宿,,,5,6,なし,https://www.instagram.com/sol_yoga.jp/,Google Maps経由で自動取得 (2026-04-08),未送信,,
BAR Nakazawa,バー,町田,,042-721-3308,4.5,37,なし,,Google Maps経由で自動取得 (2026-04-08),未送信,,
タケヤクリーニング店,クリーニング店,新宿,,03-3369-5620,3.8,4,なし,,Google Maps経由で自動取得 (2026-04-08),未送信,,
スターショップ,クリーニング店,新宿,,03-3227-1510,5,3,なし,,Google Maps経由で自動取得 (2026-04-08),未送信,,
水のプロＧｉｎｚａ 自由が丘ショールーム,リフォーム・工務店,自由が丘,,0120-850-264,4.8,24,なし,,Google Maps経由で自動取得 (2026-04-08),未送信,,
㈱比護工務店,リフォーム・工務店,自由が丘,,03-3723-5447,2.5,2,なし,,Google Maps経由で自動取得 (2026-04-08),未送信,,
大衆酒場 焼き三昧 神田西口店,飲食店,神田,,03-3253-6589,3.6,27,なし,,Google Maps経由で自動取得 (2026-04-08),未送信,,
みますや,飲食店,神田,,03-3294-5433,4,1254,なし,,Google Maps経由で自動取得 (2026-04-08),未送信,,
魚匠屋 神田本店,飲食店,神田,,03-5577-5749,3.8,113,なし,https://www.instagram.com/gyoshouya/,Google Maps経由で自動取得 (2026-04-08),未送信,,
スキルスペース,コワーキングスペース,新宿,,,5,1,なし,,Google Maps経由で自動取得 (2026-04-08),未送信,,
SALON de YOU,脱毛サロン,日本橋,,090-7948-7643,4.9,17,なし,,Google Maps経由で自動取得 (2026-04-08),未送信,,
ブラジリアンワックスAelita(アエリタ),脱毛サロン,日本橋,,080-9655-0044,4.8,11,なし,,Google Maps経由で自動取得 (2026-04-08),未送信,,
Biestora,脱毛サロン,日本橋,,03-4455-3488,5,9,なし,,Google Maps経由で自動取得 (2026-04-08),未送信,,
白ばらクリーニング店,クリーニング店,成城,,03-3305-1041,4.4,10,なし,,Google Maps経由で自動取得 (2026-04-08),未送信,,
大蔵クリーニング総本店,クリーニング店,成城,,03-3416-0225,4.8,4,なし,,Google Maps経由で自動取得 (2026-04-08),未送信,,
（有）ダイヤファミリー,保険代理店,原宿,,0120-787-786,,,なし,,Google Maps経由で自動取得 (2026-04-08),未送信,,
松原自動車㈱,自動車整備工場,経堂,,03-3420-0400,3.7,3,なし,,Google Maps経由で自動取得 (2026-04-08),未送信,,
（有）加藤自動車工業,自動車整備工場,経堂,,0120-814-558,4.7,12,なし,,Google Maps経由で自動取得 (2026-04-08),未送信,,
東海自動車販売㈱,自動車整備工場,経堂,,03-3426-3836,4.2,5,なし,,Google Maps経由で自動取得 (2026-04-08),未送信,,
森自動車工場,自動車整備工場,経堂,,03-3705-4181,4.7,6,なし,,Google Maps経由で自動取得 (2026-04-08),未送信,,
世田谷モータース,自動車整備工場,経堂,,03-3302-9162,4.3,6,なし,,Google Maps経由で自動取得 (2026-04-08),未送信,,
Caf'e MID STAMP ebisu,カフェ,恵比寿,,03-6452-3571,4.4,68,なし,https://www.instagram.com/mid_stamp/,Google Maps経由で自動取得 (2026-04-08),未送信,,
エドモンド プログラミングスクール 世田谷校,プログラミングスクール,自由が丘,,090-3600-9190,5,3,なし,,Google Maps経由で自動取得 (2026-04-08),未送信,,
創研学院 日本橋校,学習塾,日本橋,,03-6264-9747,,,なし,,Google Maps経由で自動取得 (2026-04-08),未送信,,
THE COOKIE 594新大久保店,ベーカリー,新大久保,,03-5937-4416,4,181,なし,https://www.instagram.com/the_cookie_594/,Google Maps経由で自動取得 (2026-04-08),未送信,,
東京ベーグルラボ TOKYO BAGEL LAB,ベーカリー,新大久保,,03-6228-0777,4.5,110,なし,https://www.instagram.com/tokyo_bagel_lab/,Google Maps経由で自動取得 (2026-04-08),未送信,,
AREUM BAGELアルムベーグル新大久保,ベーカリー,新大久保,,,3.3,64,なし,https://www.instagram.com/areum.bagel/,Google Maps経由で自動取得 (2026-04-08),未送信,,
Amabase,音楽教室,三軒茶屋,,03-5787-5608,4.4,8,なし,,Google Maps経由で自動取得 (2026-04-08),未送信,,
Guitar School Jam ギタースクール ジャム,音楽教室,三軒茶屋,,050-5275-6662,5,1,なし,,Google Maps経由で自動取得 (2026-04-08),未送信,,
セルフフォトスタジオWee,写真スタジオ,原宿,,,5,3,なし,,Google Maps経由で自動取得 (2026-04-08),未送信,,
Luo Silque Tachikawa ルオ シルク 立川 まつげパーマ/パリジェンヌ/マツエク/LED/眉毛/韓国/パラジェル,まつげサロン,立川,,042-595-6219,5,1,なし,,Google Maps経由で自動取得 (2026-04-08),未送信,,
eyelash salon tera,まつげサロン,立川,,090-7244-7054,5,64,なし,,Google Maps経由で自動取得 (2026-04-08),未送信,,
ヨガスタジオ,ヨガスタジオ,品川,,,,,なし,,Google Maps経由で自動取得 (2026-04-08),未送信,,
グランドファイン,バー,中目黒,,03-3711-1296,4.4,39,なし,,Google Maps経由で自動取得 (2026-04-08),未送信,,
Naguy Bar,バー,中目黒,,03-3760-7227,4.1,49,なし,https://www.instagram.com/naguybarofficial/,Google Maps経由で自動取得 (2026-04-08),未送信,,
Bar San Diego,バー,中目黒,,03-6303-4476,4.6,19,なし,,Google Maps経由で自動取得 (2026-04-08),未送信,,
BAR PURPLE,バー,中目黒,,03-3760-7096,4.5,19,なし,,Google Maps経由で自動取得 (2026-04-08),未送信,,
bar nems（バー ネムス）,バー,中目黒,,03-5725-7144,4.5,31,なし,,Google Maps経由で自動取得 (2026-04-08),未送信,,
ジンボリーインターナショナルスクール 広尾校,音楽教室,広尾,,03-5449-2311,3,2,なし,,Google Maps経由で自動取得 (2026-04-08),未送信,,
白金台恵比寿ミュージックスタジオ,音楽教室,広尾,,050-3196-9973,5,3,なし,,Google Maps経由で自動取得 (2026-04-08),未送信,,
麻布 音楽教室,音楽教室,広尾,,03-3444-6860,,,なし,,Google Maps経由で自動取得 (2026-04-08),未送信,,
神宮前法律事務所,弁護士事務所,原宿,,03-3478-6372,3.7,3,なし,,Google Maps経由で自動取得 (2026-04-08),未送信,,
青山外苑法律事務所,弁護士事務所,原宿,,03-5466-2425,4.3,3,なし,,Google Maps経由で自動取得 (2026-04-08),未送信,,
表参道ケイティ法律事務所,弁護士事務所,原宿,,03-6450-6171,,,なし,,Google Maps経由で自動取得 (2026-04-08),未送信,,
表参道共同法律事務所,弁護士事務所,原宿,,03-5467-8480,,,なし,,Google Maps経由で自動取得 (2026-04-08),未送信,,
BAR ACQUA OLD-CAFE 新宿OLD店,カフェ,新宿,,,4.5,132,なし,https://www.instagram.com/oldcafe_24/,Google Maps経由で自動取得 (2026-04-08),未送信,,
珈琲西武 本店,カフェ,新宿,,03-4589-8731,4,1714,なし,https://www.instagram.com/coffee_seibu/,Google Maps経由で自動取得 (2026-04-08),未送信,,
BerryEyes 二子玉川店 まつげサロン ベリーアイズ,まつげサロン,二子玉川,,03-6411-7741,3.6,23,なし,https://www.instagram.com/berry_eyes25/,Google Maps経由で自動取得 (2026-04-08),未送信,,
（有）神田自動車整備工場,自動車整備工場,神田,,048-524-6620,4.1,16,なし,,Google Maps経由で自動取得 (2026-04-08),未送信,,
神田自動車,自動車整備工場,神田,,042-759-1688,4,4,なし,,Google Maps経由で自動取得 (2026-04-08),未送信,,
神田自動車 修理工場,自動車整備工場,神田,,04-7198-0061,,,なし,,Google Maps経由で自動取得 (2026-04-08),未送信,,
オートニック カンダ,自動車整備工場,神田,,049-224-2367,,,なし,,Google Maps経由で自動取得 (2026-04-08),未送信,,
結婚相談所マリオンヌ,結婚相談所,五反田,,,5,1,なし,,Google Maps経由で自動取得 (2026-04-08),未送信,,
いとう鍼灸整体院,整体院・鍼灸院,恵比寿,,,,,なし,,Google Maps経由で自動取得 (2026-04-08),未送信,,
加藤鍼灸院・整骨院 広尾麻布店,整体院・鍼灸院,恵比寿,,,,,なし,,Google Maps経由で自動取得 (2026-04-08),未送信,,
一笑堂台湾式足ツボ、全身マッサージ高田馬場店,マッサージ,高田馬場,,03-4363-8568,5,214,なし,,Google Maps経由で自動取得 (2026-04-08),未送信,,
株式会社Todo Bien,保険代理店,代官山,,03-4511-3372,4.5,15,なし,,Google Maps経由で自動取得 (2026-04-08),未送信,,
明治安田のほけんショップ渋谷,保険代理店,代官山,,0120-805-601,5,1,なし,,Google Maps経由で自動取得 (2026-04-08),未送信,,
ＫＯＳＴ（有）,保険代理店,代官山,,03-3463-5616,,,なし,,Google Maps経由で自動取得 (2026-04-08),未送信,,
大崎行政書士事務所,行政書士事務所,大崎,,0985-25-1200,5,1,なし,,Google Maps経由で自動取得 (2026-04-08),未送信,,
檜森行政書士事務所,行政書士事務所,大崎,,03-3491-2977,,,なし,,Google Maps経由で自動取得 (2026-04-08),未送信,,
行政書士安部瞳毛子事務所,行政書士事務所,大崎,,03-3492-3115,,,なし,,Google Maps経由で自動取得 (2026-04-08),未送信,,
DENDO,自動車整備工場,中目黒,,050-3616-1136,,,なし,,Google Maps経由で自動取得 (2026-04-08),未送信,,
（有）斎藤自動車工業,自動車整備工場,中目黒,,03-3462-2629,3.3,3,なし,,Google Maps経由で自動取得 (2026-04-08),未送信,,
（有）目黒自動車整備工場,自動車整備工場,中目黒,,0258-62-0918,5,4,なし,,Google Maps経由で自動取得 (2026-04-08),未送信,,
華やか,花屋,高田馬場,,0120-980-730,4.4,14,なし,,Google Maps経由で自動取得 (2026-04-08),未送信,,
華恋人,花屋,高田馬場,,03-3364-1187,4.7,12,なし,,Google Maps経由で自動取得 (2026-04-08),未送信,,
フラワーショップ マスダ,花屋,高田馬場,,03-3363-1358,4.3,10,なし,,Google Maps経由で自動取得 (2026-04-08),未送信,,
フローリスト ムベ,花屋,高田馬場,,03-5273-6088,4.6,9,なし,,Google Maps経由で自動取得 (2026-04-08),未送信,,
からだの総合整骨院・東新宿,整体院・鍼灸院,新大久保,,03-6869-1414,5,9,なし,,Google Maps経由で自動取得 (2026-04-08),未送信,,
プログラミングスクール KAKELCODE（カケルコード）池袋校,プログラミングスクール,二子玉川,,,4.5,4,なし,,Google Maps経由で自動取得 (2026-04-08),未送信,,
シェフテンダー 五反田店,バー,五反田,,03-6450-4237,4.3,70,なし,,Google Maps経由で自動取得 (2026-04-08),未送信,,
バーカランド【Bar CALANDO】,バー,五反田,,03-6431-8280,4.1,28,なし,,Google Maps経由で自動取得 (2026-04-08),未送信,,
ラブルダイニング,飲食店,三軒茶屋,,,4.3,19,なし,https://www.instagram.com/lovel_sancha/,Google Maps経由で自動取得 (2026-04-08),未送信,,
学習塾ぷらすMiru,学習塾,品川,,03-6426-7323,,,なし,,Google Maps経由で自動取得 (2026-04-08),未送信,,
ピラティススタジオthe SILK広尾店 別館,ピラティススタジオ,広尾,,,,,なし,https://www.instagram.com/pilates_thesilk_hiroo/,Google Maps経由で自動取得 (2026-04-08),未送信,,
東クリーニング,クリーニング店,目白,,03-3955-7036,2.8,6,なし,,Google Maps経由で自動取得 (2026-04-08),未送信,,
コインランドリーさち,クリーニング店,目白,,,3.9,8,なし,,Google Maps経由で自動取得 (2026-04-08),未送信,,
クリーニングスギハラ 目白台店,クリーニング店,目白,,,5,1,なし,,Google Maps経由で自動取得 (2026-04-08),未送信,,
日本橋マリアージュネット,結婚相談所,日本橋,,03-6403-4497,4.3,6,なし,,Google Maps経由で自動取得 (2026-04-08),未送信,,
SANDO LAB TOKYO 秋葉原店,ベーカリー,秋葉原,,,4.7,519,なし,https://www.instagram.com/sandolabtokyo/,Google Maps経由で自動取得 (2026-04-08),未送信,,
ボワ・ド・ブローニュ,ベーカリー,秋葉原,,03-5835-1800,4.1,134,なし,,Google Maps経由で自動取得 (2026-04-08),未送信,,
山本クリーニング,クリーニング店,大崎,,03-3491-3056,4,1,なし,,Google Maps経由で自動取得 (2026-04-08),未送信,,
クリーニング,クリーニング店,大崎,,,2.7,3,なし,,Google Maps経由で自動取得 (2026-04-08),未送信,,
セフィロト,脱毛サロン,三軒茶屋,,070-9027-8036,4.8,5,なし,,Google Maps経由で自動取得 (2026-04-08),未送信,,
青学倶楽部,学習塾,原宿,,03-6447-2820,,,なし,,Google Maps経由で自動取得 (2026-04-08),未送信,,
青山学習塾,学習塾,原宿,,03-3408-8505,,,なし,,Google Maps経由で自動取得 (2026-04-08),未送信,,
DAIKANYAMA IDE 整骨院 鍼灸マッサージ院,整体院・鍼灸院,代官山,,03-6822-5389,5,2,なし,,Google Maps経由で自動取得 (2026-04-08),未送信,,
代官山治療院,整体院・鍼灸院,代官山,,03-3461-2910,5,1,なし,,Google Maps経由で自動取得 (2026-04-08),未送信,,
結婚相談所サンマリエ新宿サロン,結婚相談所,新宿,,,,,なし,https://www.instagram.com/ginzajujiya_1874/,Google Maps経由で自動取得 (2026-04-08),未送信,,
ＦＬＯＷＥＲＳ・ＳＨＡＬＩＭＡＲ,花屋,三軒茶屋,,03-3411-0871,3.8,12,なし,,Google Maps経由で自動取得 (2026-04-08),未送信,,
花吾屋,花屋,三軒茶屋,,03-3410-8758,3.5,24,なし,,Google Maps経由で自動取得 (2026-04-08),未送信,,
ガーデニングステージ,花屋,三軒茶屋,,03-5433-2287,4.2,36,なし,,Google Maps経由で自動取得 (2026-04-08),未送信,,
三軒茶屋 flower2,花屋,三軒茶屋,,,4.4,9,なし,,Google Maps経由で自動取得 (2026-04-08),未送信,,
Ｎファクトリー,花屋,三軒茶屋,,03-3419-8713,2.5,19,なし,,Google Maps経由で自動取得 (2026-04-08),未送信,,
村越生花店,花屋,三軒茶屋,,03-3419-4644,5,2,なし,,Google Maps経由で自動取得 (2026-04-08),未送信,,
花松,花屋,三軒茶屋,,03-3421-6961,5,4,なし,,Google Maps経由で自動取得 (2026-04-08),未送信,,
下北沢個人塾,学習塾,下北沢,,080-2064-2717,,,なし,,Google Maps経由で自動取得 (2026-04-08),未送信,,
Salon Cristales 赤坂店,エステサロン,赤坂,,03-6823-1373,5,4,なし,,Google Maps経由で自動取得 (2026-04-08),未送信,,
立川自動車整備工場,自動車整備工場,立川,,042-554-0131,4.4,8,なし,,Google Maps経由で自動取得 (2026-04-08),未送信,,
日本自動車整備工場,自動車整備工場,立川,,042-525-3561,4.5,2,なし,,Google Maps経由で自動取得 (2026-04-08),未送信,,
（有）フジ自動車商会,自動車整備工場,立川,,042-536-6611,4.6,7,なし,,Google Maps経由で自動取得 (2026-04-08),未送信,,
（株）セーコー自動車工業,自動車整備工場,立川,,042-536-1405,5,7,なし,,Google Maps経由で自動取得 (2026-04-08),未送信,,
オガワモータース,自動車整備工場,立川,,042-524-0261,4.3,9,なし,,Google Maps経由で自動取得 (2026-04-08),未送信,,
（有）小松自動車,自動車整備工場,立川,,042-531-2397,4.2,5,なし,,Google Maps経由で自動取得 (2026-04-08),未送信,,
アラマキモータース,自動車整備工場,立川,,042-536-0800,3.3,9,なし,,Google Maps経由で自動取得 (2026-04-08),未送信,,
(株)立川ヂーゼルオートサービス,自動車整備工場,立川,,042-645-1421,4.3,34,なし,,Google Maps経由で自動取得 (2026-04-08),未送信,,
Elämä pilates (エラマ ピラティス)中目黒,ピラティススタジオ,中目黒,,,5,4,なし,,Google Maps経由で自動取得 (2026-04-08),未送信,,
燕三,飲食店,赤坂,,03-6807-4855,4.1,95,なし,https://www.instagram.com/tsubasanakasaka/,Google Maps経由で自動取得 (2026-04-08),未送信,,
赤札屋弁慶 赤坂店,飲食店,赤坂,,03-3586-5210,3.8,371,なし,,Google Maps経由で自動取得 (2026-04-08),未送信,,
英会話オノマンサー,英会話教室,赤坂,,070-9091-0718,5,2,なし,,Google Maps経由で自動取得 (2026-04-08),未送信,,
Princess Tart 下北沢,ベーカリー,下北沢,,,3.5,4,なし,https://www.instagram.com/princess_tart_official/,Google Maps経由で自動取得 (2026-04-08),未送信,,
なちゅらりあ,マッサージ,成城,,070-3342-9020,5,1,なし,,Google Maps経由で自動取得 (2026-04-08),未送信,,
パナソニックビューティ表参道カフェ,カフェ,原宿,,,5,12,なし,https://www.instagram.com/panasonic_beauty_omotesando/,Google Maps経由で自動取得 (2026-04-08),未送信,,
The Sunrise Shack Hawaii - harajuku cafe Galaxy,カフェ,原宿,,03-5843-0186,4.3,94,なし,https://www.instagram.com/sunriseshackjapan/,Google Maps経由で自動取得 (2026-04-08),未送信,,
Island Cafe&Dining,カフェ,経堂,,03-6322-8334,4.6,49,なし,https://www.instagram.com/island.cafe.kyodo/,Google Maps経由で自動取得 (2026-04-08),未送信,,
WITH-K DANCE STUDIO,ダンススタジオ,表参道,,,3,1,なし,,Google Maps経由で自動取得 (2026-04-08),未送信,,
Cherie Music School,音楽教室,新橋,,080-6555-2016,5,1,なし,,Google Maps経由で自動取得 (2026-04-08),未送信,,
音楽教室紹介センター,音楽教室,新橋,,,,,なし,,Google Maps経由で自動取得 (2026-04-08),未送信,,
ダンスパークヤナギバシ,ダンススタジオ,神田,,03-6676-9085,5,2,なし,,Google Maps経由で自動取得 (2026-04-08),未送信,,
BAR studio Az,ダンススタジオ,神田,,,4.7,12,なし,,Google Maps経由で自動取得 (2026-04-08),未送信,,
プラーバ法律事務所,弁護士事務所,三鷹,,042-816-3333,,,なし,,Google Maps経由で自動取得 (2026-04-08),未送信,,
ニューポート法律事務所 三鷹オフィス,弁護士事務所,三鷹,,0422-29-9245,,,なし,,Google Maps経由で自動取得 (2026-04-08),未送信,,
フタバ綜合法律事務所,弁護士事務所,三鷹,,0422-76-7368,,,なし,,Google Maps経由で自動取得 (2026-04-08),未送信,,
Tokyo English / 東京 英会話,英会話教室,下北沢,,03-5433-2577,,,なし,,Google Maps経由で自動取得 (2026-04-08),未送信,,
あ,英会話教室,下北沢,,,5,2,なし,,Google Maps経由で自動取得 (2026-04-08),未送信,,
中学受験アカデミーワン 高田馬場校,学習塾,高田馬場,,03-6457-6927,5,3,なし,,Google Maps経由で自動取得 (2026-04-08),未送信,,
ユア・スペース目白,コワーキングスペース,目白,,,3,1,なし,,Google Maps経由で自動取得 (2026-04-08),未送信,,
大同生命保険 池袋支社,保険代理店,池袋,,03-3984-6351,3.7,3,なし,,Google Maps経由で自動取得 (2026-04-08),未送信,,
下北沢の占い 黒猫の館一番街商店街,占い・カウンセリング,下北沢,,070-9224-3101,4.7,6,なし,,Google Maps経由で自動取得 (2026-04-08),未送信,,
フォトスタジオメモリー目白,写真スタジオ,目白,,03-3953-5550,,,なし,,Google Maps経由で自動取得 (2026-04-08),未送信,,
スタジオZEN,写真スタジオ,目白,,03-3565-6301,,,なし,,Google Maps経由で自動取得 (2026-04-08),未送信,,
新橋虎ノ門法律事務所,弁護士事務所,新橋,,,5,1,なし,,Google Maps経由で自動取得 (2026-04-08),未送信,,
風長閑,バー,日本橋,,03-3231-0140,3.6,51,なし,,Google Maps経由で自動取得 (2026-04-08),未送信,,
IAN,バー,日本橋,,03-3241-4580,4.4,36,なし,,Google Maps経由で自動取得 (2026-04-08),未送信,,
エス・トップ,マッサージ・スパ,三鷹,,0422-26-7699,3.6,14,なし,,Google Maps経由で自動取得 (2026-04-08),未送信,,
うえの鍼灸整骨院,整体院・鍼灸院,上野,,03-3832-6880,2.9,10,なし,,Google Maps経由で自動取得 (2026-04-08),未送信,,
上野御徒町・鍼灸整骨院,整体院・鍼灸院,上野,,03-3837-0610,,,なし,,Google Maps経由で自動取得 (2026-04-08),未送信,,
鍼灸東上治療院,整体院・鍼灸院,上野,,03-3843-0735,5,1,なし,,Google Maps経由で自動取得 (2026-04-08),未送信,,
中島動物病院,動物病院,二子玉川,,03-3700-0371,4.9,65,なし,,Google Maps経由で自動取得 (2026-04-08),未送信,,
港合同法律事務所,弁護士事務所,赤坂,,03-3585-2331,5,3,なし,,Google Maps経由で自動取得 (2026-04-08),未送信,,
Clair Bakery,ベーカリー,五反田,,03-5422-9785,3.9,11,なし,,Google Maps経由で自動取得 (2026-04-08),未送信,,
BAKERY SUGI-NO-KI,ベーカリー,五反田,,03-6325-5192,3.7,107,なし,,Google Maps経由で自動取得 (2026-04-08),未送信,,
MIMIネイルサロン,ネイルサロン,三軒茶屋,,,4.2,5,なし,,Google Maps経由で自動取得 (2026-04-08),未送信,,
はあとねいる三軒茶屋店,ネイルサロン,三軒茶屋,,070-4410-4705,3,6,なし,https://www.instagram.com/heartnail_design/,Google Maps経由で自動取得 (2026-04-08),未送信,,
D・O・Gショップ(ペットグッズショップ),ペットサロン,下北沢,,03-3465-3635,4.4,34,なし,,Google Maps経由で自動取得 (2026-04-08),未送信,,
だいとう塾,学習塾,三軒茶屋,,03-3418-0911,5,4,なし,,Google Maps経由で自動取得 (2026-04-08),未送信,,
パーソナルジム,パーソナルジム,赤坂,,070-4803-9911,,,なし,,Google Maps経由で自動取得 (2026-04-08),未送信,,
R.select 池袋西口店,不動産,池袋,,03-5396-7127,4.7,345,なし,,Google Maps経由で自動取得 (2026-04-08),未送信,,
アオイゼミ,学習塾,神田,,03-6380-4661,4,8,なし,,Google Maps経由で自動取得 (2026-04-08),未送信,,
サイドバイスタジオ乃木坂,写真スタジオ,六本木,,,,,なし,,Google Maps経由で自動取得 (2026-04-08),未送信,,
TANAMAX,写真スタジオ,六本木,,,,,なし,,Google Maps経由で自動取得 (2026-04-08),未送信,,
テレビ朝日 EXけやき坂スタジオ,写真スタジオ,六本木,,,4,45,なし,,Google Maps経由で自動取得 (2026-04-08),未送信,,
株式会社小林工務店,リフォーム・工務店,広尾,,03-3764-3574,5,2,なし,,Google Maps経由で自動取得 (2026-04-08),未送信,,
三鷹歯科医院,歯科医院,三鷹,,,,,なし,,Google Maps経由で自動取得 (2026-04-08),未送信,,
The Mint Ginza | Rooftop Cafe & Bar,カフェ,銀座,,050-1720-8203,3.6,126,なし,https://www.instagram.com/themintginza/,Google Maps経由で自動取得 (2026-04-08),未送信,,
Immigration Lawyer HATTORI,行政書士事務所,広尾,,080-9454-9406,5,1,なし,,Google Maps経由で自動取得 (2026-04-08),未送信,,
藤永行政書士事務所,行政書士事務所,広尾,,03-6676-1971,,,なし,,Google Maps経由で自動取得 (2026-04-08),未送信,,
目黒中央社会保険労務士事務所,社労士事務所,中目黒,,090-5409-3618,,,なし,,Google Maps経由で自動取得 (2026-04-08),未送信,,
社会保険労務士法人JSK,社労士事務所,中目黒,,03-5725-0176,,,なし,,Google Maps経由で自動取得 (2026-04-08),未送信,,
ひかり社労士事務所,社労士事務所,中目黒,,03-3330-1142,5,1,なし,,Google Maps経由で自動取得 (2026-04-08),未送信,,
松本鍼灸治療院,整体院・鍼灸院,下北沢,,03-3468-1807,4.9,40,なし,,Google Maps経由で自動取得 (2026-04-08),未送信,,
鍼灸・ボディケア達治療院,整体院・鍼灸院,下北沢,,03-4500-8191,5,44,なし,,Google Maps経由で自動取得 (2026-04-08),未送信,,
吉祥寺 もがめ食堂 東急裏店,飲食店,吉祥寺,,0422-22-7983,4.4,324,なし,https://www.instagram.com/mogame_shokudou_kichijoji/,Google Maps経由で自動取得 (2026-04-08),未送信,,
里の宿,飲食店,吉祥寺,,0422-42-2335,4.3,453,なし,,Google Maps経由で自動取得 (2026-04-08),未送信,,
まるけん食堂,飲食店,吉祥寺,,0422-22-4250,4.1,281,なし,,Google Maps経由で自動取得 (2026-04-08),未送信,,
やぐやKICHIJOJI,飲食店,吉祥寺,,0422-27-2936,4.6,428,なし,,Google Maps経由で自動取得 (2026-04-08),未送信,,
トミヨシ音楽教室,音楽教室,池袋,,0120-020-989,4.7,127,なし,,Google Maps経由で自動取得 (2026-04-08),未送信,,
Microsoft Base Daikanyama,コワーキングスペース,代官山,,0120-111-518,5,5,なし,,Google Maps経由で自動取得 (2026-04-08),未送信,,
広尾オート,自動車整備工場,広尾,,03-5422-7505,3.7,3,なし,,Google Maps経由で自動取得 (2026-04-08),未送信,,
（株）白金モーターサービス,自動車整備工場,広尾,,03-3443-3992,4.8,9,なし,,Google Maps経由で自動取得 (2026-04-08),未送信,,
大洋工業（有）,自動車整備工場,広尾,,03-3408-6353,,,なし,,Google Maps経由で自動取得 (2026-04-08),未送信,,
ルブローレン自動車整備工場,自動車整備工場,広尾,,03-3453-0627,,,なし,,Google Maps経由で自動取得 (2026-04-08),未送信,,
大橋自動車商会,自動車整備工場,広尾,,03-3446-2345,,,なし,,Google Maps経由で自動取得 (2026-04-08),未送信,,
（有）ＨＯＴＮＥＴ,保険代理店,秋葉原,,0120-170-996,5,1,なし,,Google Maps経由で自動取得 (2026-04-08),未送信,,
ほんま保険,保険代理店,秋葉原,,03-3866-4551,,,なし,,Google Maps経由で自動取得 (2026-04-08),未送信,,
The Tavern in Asakusa,バー,浅草,,03-6876-8245,4.8,273,なし,https://www.instagram.com/the_tavern_in_asakusa/,Google Maps経由で自動取得 (2026-04-08),未送信,,
Asakusa bar Ｚｕ−Ｌｕ,バー,浅草,,03-3843-5860,4.6,35,なし,,Google Maps経由で自動取得 (2026-04-08),未送信,,
Living Room Asakusa Cocktail Bar,バー,浅草,,,4.8,183,なし,https://www.instagram.com/livingroom_asakusa/,Google Maps経由で自動取得 (2026-04-08),未送信,,
Not Suspicious,バー,浅草,,,4.9,815,なし,,Google Maps経由で自動取得 (2026-04-08),未送信,,
バーねも (BAR NEMO),バー,浅草,,03-3841-1650,4.3,219,なし,,Google Maps経由で自動取得 (2026-04-08),未送信,,
Rastaman’s Cafe,バー,浅草,,03-5246-3399,4.8,549,なし,,Google Maps経由で自動取得 (2026-04-08),未送信,,
うえまつ鍼灸院,整体院・鍼灸院,成城,,03-3749-3636,4,1,なし,,Google Maps経由で自動取得 (2026-04-08),未送信,,
市川税務会計事務所,税理士事務所,経堂,,03-6804-4366,,,なし,,Google Maps経由で自動取得 (2026-04-08),未送信,,
久恒税理士事務所,税理士事務所,経堂,,03-3427-2355,,,なし,,Google Maps経由で自動取得 (2026-04-08),未送信,,
岩間昭公認会計士事務所,税理士事務所,経堂,,03-3425-7170,,,なし,,Google Maps経由で自動取得 (2026-04-08),未送信,,
ガウディア自由が丘教室,学習塾,自由が丘,,080-9897-9151,5,1,なし,,Google Maps経由で自動取得 (2026-04-08),未送信,,
須賀自動車㈱,自動車整備工場,自由が丘,,03-3712-5809,4.7,23,なし,,Google Maps経由で自動取得 (2026-04-08),未送信,,
（有）吉岡自動車工業所,自動車整備工場,自由が丘,,03-3701-6967,5,2,なし,,Google Maps経由で自動取得 (2026-04-08),未送信,,
ガレージモーリス,自動車整備工場,自由が丘,,03-3723-2459,4.7,27,なし,,Google Maps経由で自動取得 (2026-04-08),未送信,,
新和自動車,自動車整備工場,自由が丘,,03-3421-1717,5,3,なし,,Google Maps経由で自動取得 (2026-04-08),未送信,,
ことぶきBAKERY,ベーカリー,三鷹,,,4.8,21,なし,https://www.instagram.com/kotobuki.bakery/,Google Maps経由で自動取得 (2026-04-08),未送信,,
三鷹丸十ベーカリー,ベーカリー,三鷹,,0422-51-7044,4,35,なし,https://www.instagram.com/mitaka1919/,Google Maps経由で自動取得 (2026-04-08),未送信,,
いでぱん,ベーカリー,三鷹,,0422-33-6190,4.6,75,なし,,Google Maps経由で自動取得 (2026-04-08),未送信,,
ちのパン,ベーカリー,三鷹,,0422-26-7474,4.2,96,なし,,Google Maps経由で自動取得 (2026-04-08),未送信,,
花にそら,ベーカリー,三鷹,,080-5899-7233,,,なし,,Google Maps経由で自動取得 (2026-04-08),未送信,,
SATORU's Bagels,ベーカリー,三鷹,,,,,なし,,Google Maps経由で自動取得 (2026-04-08),未送信,,
キッチンふるはし,飲食店,広尾,,03-3444-3733,4.2,148,なし,,Google Maps経由で自動取得 (2026-04-08),未送信,,
ファッションクリーニング外神田梅沢店,クリーニング店,秋葉原,,03-3831-7409,4.7,7,なし,,Google Maps経由で自動取得 (2026-04-08),未送信,,
丸井クリーニング店,クリーニング店,秋葉原,,03-3518-6633,4.5,8,なし,,Google Maps経由で自動取得 (2026-04-08),未送信,,
間宮クリーニング店,クリーニング店,秋葉原,,03-3832-3681,2,1,なし,,Google Maps経由で自動取得 (2026-04-08),未送信,,
広尾歯科医院,歯科医院,広尾,,03-3446-8241,4.8,4,なし,,Google Maps経由で自動取得 (2026-04-08),未送信,,
チャオダンスサロン,ダンススタジオ,成城,,03-6313-7331,4.4,8,なし,,Google Maps経由で自動取得 (2026-04-08),未送信,,
ジンダンスファクトリー,ダンススタジオ,成城,,03-3488-1577,4.4,9,なし,,Google Maps経由で自動取得 (2026-04-08),未送信,,
ワンダーコード / Wonder Code 英語 で プログラミング 代官山校 Ict & Stem教育 by 個別指導Wam 代官山校,プログラミングスクール,代官山,,03-6712-7452,,,なし,,Google Maps経由で自動取得 (2026-04-08),未送信,,
hair carme by juno 神田店,美容室,神田,,03-5298-6280,4.6,31,なし,,Google Maps経由で自動取得 (2026-04-08),未送信,,
GALOW,美容室,神田,,,5,16,なし,,Google Maps経由で自動取得 (2026-04-08),未送信,,
BARBER KAMITO HERITAGE,美容室,神田,,03-4400-8583,4.9,112,なし,https://www.instagram.com/barberkamito/,Google Maps経由で自動取得 (2026-04-08),未送信,,
inside 工房,ベーカリー,高田馬場,,,5,2,なし,,Google Maps経由で自動取得 (2026-04-08),未送信,,
グリーンカープラザ,自動車整備工場,新橋,,03-5272-1500,4.5,11,なし,,Google Maps経由で自動取得 (2026-04-08),未送信,,
みたか武蔵野消化器内視鏡クリニック,クリニック,三鷹,,,,,なし,,Google Maps経由で自動取得 (2026-04-08),未送信,,
Buena ブエナ,ネイルサロン,吉祥寺,,0422-26-8750,4.7,81,なし,https://www.instagram.com/eyelash_nail_buena/,Google Maps経由で自動取得 (2026-04-08),未送信,,
28ネイルサロン 吉祥寺支店,ネイルサロン,吉祥寺,,,,,なし,,Google Maps経由で自動取得 (2026-04-08),未送信,,
Princess Tart 中目黒,ベーカリー,中目黒,,070-4038-3847,4.3,258,なし,https://www.instagram.com/princess_tart_nakameguro/,Google Maps経由で自動取得 (2026-04-08),未送信,,
ブーランジェリー ジョリィ,ベーカリー,中目黒,,03-3712-0605,4.3,94,なし,,Google Maps経由で自動取得 (2026-04-08),未送信,,
OOPZ GYM 貸しジム トレーニング,パーソナルジム,原宿,,042-426-7818,5,1,なし,,Google Maps経由で自動取得 (2026-04-08),未送信,,
恵比寿法律事務所,弁護士事務所,恵比寿,,,,,なし,,Google Maps経由で自動取得 (2026-04-08),未送信,,
太田法律事務所,弁護士事務所,恵比寿,,03-5422-8471,4.8,4,なし,,Google Maps経由で自動取得 (2026-04-08),未送信,,
渋谷歯科医院,歯科医院,渋谷,,03-3918-4080,3.5,4,なし,,Google Maps経由で自動取得 (2026-04-08),未送信,,
